fid, reach
1,1343
2,4957
3,4779
4,7765
5,6951
6,3581
7,3282
8,3383
9,1127
10,2358
11,1536
12,1642
13,2275
14,2831
15,4265
16,5198
17,3129
18,4839
19,5226
20,6277
21,2808
22,1059
23,954
24,4078
25,2391
26,888
27,1343
28,0
29,1923
30,319
31,544
32,3122
33,2712
34,3295
35,2666
36,1615
37,3996
38,2732
39,1593
40,1022
41,1282
42,1720
43,2209
44,6600
45,8803
46,7285
47,4035
48,7639
49,7611
50,8884
51,5129
52,3095
53,2119
54,0
55,0
56,0
57,1
58,5025
59,1813
60,1317
61,897
62,3549
63,1908
64,3473
65,5515
66,6155
67,5793
68,5025
69,1162
70,1387
71,2289
72,1930
73,1762
74,1740
75,1802
76,2064
77,1989
78,1912
79,1480
80,1340
81,2076
82,1976
83,2067
84,1904
85,1703
86,1520
87,1471
88,1403
89,1223
90,884
91,979
92,1152
93,1498
94,1874
95,1576
96,1851
97,1669
98,0
99,578
100,0
101,21
102,25
103,32
104,38
105,49
106,50
107,53
108,38
109,12
110,1
111,3
112,3
113,2
114,798
115,901
116,1706
117,1911
118,2013
119,2148
120,1574
121,2428
122,2071
123,1
124,1
125,181
126,214
127,177
128,169
129,333
130,292
131,456
132,689
133,440
134,227
135,164
136,137
137,156
138,183
139,111
140,49
141,24
142,49
143,313
144,129
145,53
146,195
147,436
148,597
149,234
150,182
151,326
152,1285
153,1874
154,1992
155,1926
156,1613
157,1413
158,1006
159,771
160,664
161,390
162,115
163,553
164,372
165,1688
166,955
167,970
168,1173
169,1373
170,1241
171,2474
172,2204
173,2226
174,233
175,246
176,336
177,421
178,475
179,561
180,490
181,414
182,425
183,511
184,611
185,422
186,99
187,34
188,27
189,11
190,8
191,0
192,0
193,0
194,0
195,0
196,0
197,0
198,0
199,0
200,0
201,0
202,0
203,420
204,622
205,0
206,0
207,0
208,0
209,890
210,622
211,245
212,848
213,637
214,765
215,727
216,1071
217,723
218,841
219,971
220,1025
221,910
222,0
223,119
224,0
225,21
226,661
227,588
228,391
229,631
230,724
231,828
232,976
233,872
234,0
235,1629
236,1867
237,2099
238,1643
239,1567
240,1637
241,1897
242,1910
243,1885
244,1730
245,1160
246,1079
247,1113
248,971
249,521
250,495
251,579
252,1069
253,1403
254,832
255,616
256,556
257,731
258,921
259,988
260,919
261,1066
262,926
263,746
264,674
265,455
266,886
267,1176
268,1033
269,677
270,623
271,278
272,272
273,297
274,555
275,625
276,462
277,135
278,33
279,1049
280,130
281,142
282,122
283,84
284,104
285,294
286,792
287,725
288,139
289,94
290,337
291,525
292,526
293,665
294,100
295,117
296,65
297,689
298,901
299,864
300,732
301,8
302,5
303,6
304,72
305,440
306,684
307,398
308,101
309,10
310,13
311,93
312,263
313,259
314,66
315,8
316,6
317,321
318,369
319,359
320,301
321,449
322,605
323,648
324,749
325,645
326,747
327,760
328,747
329,859
330,504
331,6
332,104
333,758
334,789
335,878
336,773
337,760
338,10
339,0
340,0
341,0
342,0
343,0
344,0
345,1178
346,661
347,586
348,783
349,1232
350,2337
351,1691
352,1815
353,1552
354,663
355,1011
356,0
357,1043
358,1169
359,895
360,551
361,183
362,214
363,48
364,106
365,239
366,319
367,683
368,828
369,1338
370,1797
371,1138
372,714
373,517
374,967
375,814
376,1524
377,691
378,686
379,948
380,938
381,913
382,792
383,1059
384,1177
385,1235
386,1101
387,1137
388,795
389,653
390,841
391,1054
392,539
393,467
394,490
395,411
396,529
397,612
398,504
399,412
400,596
401,592
402,1975
403,2254
404,2232
405,2083
406,2232
407,1534
408,822
409,233
410,1052
411,1428
412,1118
413,813
414,316
415,584
416,1105
417,916
418,1026
419,569
420,523
421,332
422,712
423,900
424,831
425,566
426,416
427,374
428,379
429,409
430,321
431,248
432,360
433,346
434,487
435,516
436,633
437,753
438,774
439,847
440,1117
441,30
442,89
443,113
444,71
445,44
446,50
447,42
448,45
449,32
450,38
451,34
452,42
453,24
454,12
455,14
456,12
457,24
458,35
459,14
460,508
461,40
462,27
463,1205
464,1727
465,1917
466,2069
467,1863
468,2344
469,2266
470,2221
471,1847
472,1061
473,1165
474,1237
475,1711
476,1642
477,1061
478,2114
479,2006
480,1556
481,2416
482,2209
483,2033
484,1636
485,1747
486,2268
487,2248
488,2482
489,1061
490,1297
491,1271
492,1220
493,0
494,794
495,2266
496,837
497,1633
498,1615
499,1768
500,1804
501,1873
502,1589
503,1338
504,846
505,674
506,807
507,873
508,791
509,679
510,905
511,1068
512,1145
513,812
514,3
515,1738
516,631
517,2653
518,2726
519,1333
520,1193
521,726
522,1138
523,950
524,799
525,896
526,648
527,865
528,1061
529,1187
530,1233
531,1071
532,1043
533,688
534,658
535,561
536,934
537,834
538,582
539,733
540,434
541,230
542,458
543,427
544,407
545,264
546,261
547,358
548,484
549,594
550,148
551,77
552,378
553,408
554,512
555,573
556,855
557,640
558,395
559,522
560,364
561,286
562,632
563,253
564,219
565,283
566,312
567,166
568,68
569,529
570,763
571,566
572,689
573,875
574,1158
575,1030
576,815
577,575
578,328
579,617
580,344
581,47
582,53
583,454
584,601
585,794
586,754
587,594
588,422
589,618
590,869
591,467
592,67
593,37
594,64
595,128
596,512
597,478
598,171
599,447
600,402
601,211
602,940
603,872
604,604
605,588
606,321
607,160
608,116
609,70
610,35
611,78
612,187
613,261
614,202
615,362
616,863
617,55
618,55
619,108
620,258
621,346
622,807
623,1013
624,812
625,543
626,314
627,569
628,1162
629,1616
630,1655
631,1628
632,1384
633,1275
634,1553
635,1737
636,1627
637,1452
638,770
639,545
640,716
641,1275
642,1621
643,1522
644,1048
645,373
646,432
647,1070
648,1316
649,1127
650,659
651,675
652,441
653,570
654,537
655,374
656,392
657,334
658,200
659,240
660,156
661,238
662,254
663,345
664,512
665,246
666,482
667,378
668,660
669,462
670,527
671,1573
672,1597
673,1165
674,640
675,44
676,12
677,168
678,534
679,98
680,640
681,729
682,1031
683,1331
684,476
685,1503
686,761
687,1094
688,178
689,81
690,45
691,274
692,218
693,288
694,1281
695,1845
696,1732
697,1621
698,1103
699,959
700,984
701,2045
702,2075
703,1249
704,1496
705,1224
706,1569
707,1254
708,715
709,449
710,896
711,1030
712,984
713,774
714,282
715,414
716,750
717,2
718,83
719,992
720,1289
721,1372
722,1157
723,538
724,271
725,723
726,758
727,849
728,619
729,623
730,600
731,467
732,187
733,494
734,479
735,127
736,219
737,537
738,502
739,288
740,277
741,95
742,64
743,43
744,52
745,9
746,27
747,26
748,130
749,50
750,18
751,32
752,36
753,52
754,42
755,24
756,43
757,48
758,17
759,8
760,290
761,216
762,37
763,11
764,555
765,474
766,292
767,16
768,28
769,45
770,69
771,53
772,64
773,53
774,28
775,5
776,21
777,19
778,6
779,50
780,75
781,86
782,30
783,4
784,16
785,45
786,180
787,231
788,34
789,114
790,151
791,145
792,356
793,203
794,268
795,357
796,322
797,154
798,113
799,55
800,182
801,0
802,7
803,42
804,62
805,71
806,3
807,91
808,46
809,906
810,624
811,1370
812,1308
813,1023
814,855
815,833
816,901
817,852
818,807
819,960
820,1194
821,1030
822,889
823,1050
824,466
825,508
826,739
827,1165
828,1545
829,1284
830,1065
831,835
832,1004
833,958
834,763
835,0
836,1632
837,1548
838,1102
839,732
840,774
841,420
842,499
843,577
844,565
845,579
846,732
847,1555
848,1322
849,342
850,785
851,588
852,751
853,815
854,0
855,1029
856,626
857,698
858,690
859,422
860,384
861,380
862,276
863,266
864,480
865,608
866,500
867,639
868,271
869,174
870,181
871,222
872,312
873,567
874,573
875,849
876,1036
877,1150
878,1136
879,995
880,792
881,627
882,978
883,961
884,755
885,505
886,728
887,521
888,361
889,719
890,843
891,211
892,17
893,5
894,462
895,519
896,334
897,276
898,268
899,354
900,399
901,311
902,632
903,781
904,710
905,422
906,367
907,594
908,347
909,255
910,286
911,521
912,527
913,480
914,312
915,455
916,721
917,388
918,80
919,294
920,330
921,467
922,502
923,879
924,529
925,400
926,194
927,29
928,28
929,295
930,629
931,485
932,303
933,143
934,221
935,200
936,59
937,306
938,446
939,661
940,411
941,294
942,645
943,588
944,258
945,1191
946,752
947,1038
948,1273
949,1594
950,2095
951,2158
952,2113
953,1547
954,246
955,1354
956,1554
957,1323
958,1359
959,1348
960,1020
961,899
962,305
963,617
964,622
965,237
966,265
967,323
968,379
969,321
970,620
971,491
972,478
973,545
974,683
975,1177
976,1367
977,403
978,816
979,872
980,792
981,2350
982,1733
983,1545
984,740
985,1056
986,1411
987,1922
988,1930
989,1849
990,1664
991,759
992,564
993,1187
994,1511
995,1335
996,214
997,1686
998,2270
999,2599
1000,2278
1001,1877
1002,1309
1003,1303
1004,1523
1005,1485
1006,905
1007,528
1008,728
1009,502
1010,426
1011,448
1012,318
1013,732
1014,814
1015,904
1016,702
1017,562
1018,337
1019,540
1020,670
1021,616
1022,349
1023,88
1024,561
1025,557
1026,641
1027,535
1028,394
1029,315
1030,686
1031,409
1032,410
1033,219
1034,222
1035,327
1036,375
1037,256
1038,194
1039,113
1040,192
1041,32
1042,9
1043,669
1044,407
1045,482
1046,382
1047,129
1048,402
1049,284
1050,154
1051,759
1052,729
1053,643
1054,504
1055,534
1056,629
1057,561
1058,302
1059,486
1060,578
1061,198
1062,63
1063,153
1064,137
1065,143
1066,85
1067,100
1068,39
1069,112
1070,134
1071,291
1072,358
1073,772
1074,818
1075,625
1076,345
1077,234
1078,311
1079,201
1080,318
1081,599
1082,674
1083,546
1084,486
1085,661
1086,1008
1087,1093
1088,1188
1089,665
1090,392
1091,313
1092,261
1093,244
1094,225
1095,447
1096,882
1097,747
1098,501
1099,209
1100,150
1101,257
1102,341
1103,360
1104,321
1105,273
1106,889
1107,1759
1108,1740
1109,669
1110,279
1111,369
1112,162
1113,92
1114,48
1115,29
1116,290
1117,1410
1118,569
1119,915
1120,2077
1121,102
1122,72
1123,74
1124,78
1125,64
1126,77
1127,72
1128,41
1129,53
1130,71
1131,793
1132,247
1133,601
1134,349
1135,189
1136,423
1137,530
1138,129
1139,117
1140,488
1141,137
1142,396
1143,1055
1144,818
1145,736
1146,1573
1147,1775
1148,1834
1149,1781
1150,1665
1151,1271
1152,925
1153,793
1154,1726
1155,1580
1156,1086
1157,981
1158,988
1159,1387
1160,204
1161,514
1162,536
1163,897
1164,807
1165,922
1166,843
1167,1164
1168,1196
1169,1931
1170,1827
1171,1861
1172,496
1173,952
1174,1357
1175,1463
1176,0
1177,389
1178,289
1179,195
1180,351
1181,779
1182,1005
1183,1154
1184,1137
1185,815
1186,975
1187,1093
1188,1209
1189,1190
1190,711
1191,279
1192,274
1193,619
1194,842
1195,844
1196,611
1197,308
1198,132
1199,533
1200,790
1201,1047
1202,1036
1203,719
1204,723
1205,894
1206,1344
1207,1048
1208,956
1209,722
1210,476
1211,644
1212,1043
1213,1163
1214,934
1215,932
1216,617
1217,583
1218,428
1219,373
1220,432
1221,287
1222,142
1223,36
1224,662
1225,750
1226,957
1227,691
1228,1001
1229,1922
1230,2921
1231,695
1232,668
1233,570
1234,945
1235,1166
1236,1951
1237,58
1238,0
1239,0
1240,0
1241,0
1242,0
1243,0
1244,22
1245,856
1246,610
1247,565
1248,0
1249,20
1250,689
1251,897
1252,793
1253,756
1254,687
1255,452
1256,540
1257,562
1258,458
1259,203
1260,116
1261,386
1262,443
1263,383
1264,294
1265,183
1266,220
1267,305
1268,225
1269,288
1270,329
1271,435
1272,454
1273,662
1274,467
1275,412
1276,348
1277,769
1278,249
1279,151
1280,116
1281,254
1282,211
1283,83
1284,4
1285,0
1286,0
1287,0
1288,0
1289,29
1290,96
1291,94
1292,51
1293,795
1294,469
1295,158
1296,205
1297,180
1298,460
1299,858
1300,936
1301,476
1302,318
1303,206
1304,142
1305,667
1306,333
1307,201
1308,273
1309,426
1310,760
1311,1017
1312,1192
1313,1029
1314,2262
1315,1704
1316,1425
1317,1020
1318,1163
1319,1089
1320,1076
1321,521
1322,503
1323,699
1324,1043
1325,1024
1326,504
1327,912
1328,0
1329,0
1330,0
1331,0
1332,0
1333,0
1334,21
1335,90
1336,184
1337,257
1338,374
1339,346
1340,522
1341,254
1342,314
1343,228
1344,197
1345,197
1346,142
1347,370
1348,233
1349,299
1350,178
1351,149
1352,199
1353,158
1354,83
1355,102
1356,59
1357,244
1358,290
1359,172
1360,240
1361,365
1362,249
1363,211
1364,219
1365,178
1366,145
1367,230
1368,190
1369,140
1370,233
1371,342
1372,283
1373,207
1374,182
1375,119
1376,118
1377,114
1378,137
1379,124
1380,270
1381,415
1382,331
1383,242
1384,152
1385,6
1386,146
1387,172
1388,84
1389,13
1390,66
1391,103
1392,247
1393,338
1394,298
1395,211
1396,196
1397,155
1398,341
1399,476
1400,815
1401,588
1402,336
1403,224
1404,136
1405,151
1406,167
1407,166
1408,178
1409,1
1410,562
1411,361
1412,295
1413,314
1414,315
1415,287
1416,266
1417,260
1418,510
1419,641
1420,479
1421,920
1422,613
1423,622
1424,312
1425,103
1426,55
1427,196
1428,452
1429,507
1430,626
1431,607
1432,500
1433,868
1434,800
1435,706
1436,582
1437,588
1438,500
1439,390
1440,957
1441,939
1442,893
1443,776
1444,563
1445,464
1446,525
1447,775
1448,409
1449,680
1450,931
1451,815
1452,733
1453,620
1454,638
1455,677
1456,11
1457,338
1458,482
1459,414
1460,792
1461,618
1462,92
1463,85
1464,15
1465,592
1466,641
1467,404
1468,601
1469,919
1470,729
1471,468
1472,289
1473,325
1474,526
1475,63
1476,151
1477,367
1478,50
1479,103
1480,19
1481,347
1482,887
1483,471
1484,674
1485,0
1486,0
1487,0
1488,0
1489,0
1490,0
1491,0
1492,0
1493,0
1494,0
1495,0
1496,0
1497,0
1498,0
1499,0
1500,0
1501,10
1502,3
1503,3
1504,1
1505,0
1506,4
1507,5
1508,5
1509,3
1510,11
1511,19
1512,2
1513,2
1514,368
1515,0
1516,9
1517,1
1518,4
1519,12
1520,0
1521,0
1522,2
1523,0
1524,338
1525,528
1526,0
1527,0
1528,1
1529,56
1530,7
1531,0
1532,1
1533,4
1534,10
1535,26
1536,260
1537,189
1538,4
1539,3
1540,185
1541,125
1542,36
1543,59
1544,0
1545,60
1546,61
1547,141
1548,731
1549,1507
1550,1435
1551,1005
1552,1507
1553,1563
1554,493
1555,895
1556,988
1557,953
1558,560
1559,498
1560,226
1561,1682
1562,1804
1563,1807
1564,2098
1565,1244
1566,358
1567,346
1568,357
1569,1710
1570,1453
1571,1222
1572,1035
1573,867
1574,250
1575,210
1576,328
1577,725
1578,500
1579,521
1580,196
1581,352
1582,522
1583,170
1584,375
1585,359
1586,366
1587,228
1588,4
1589,9
1590,3
1591,62
1592,42
1593,252
1594,11
1595,72
1596,1287
1597,685
1598,70
1599,18
1600,927
1601,1352
1602,120
1603,331
1604,453
1605,264
1606,5
1607,153
1608,647
1609,625
1610,622
1611,544
1612,673
1613,514
1614,499
1615,306
1616,557
1617,523
1618,830
1619,1026
1620,785
1621,1064
1622,658
1623,782
1624,879
1625,864
1626,110
1627,21
1628,5
1629,456
1630,1068
1631,556
1632,507
1633,86
1634,102
1635,79
1636,1
1637,0
1638,0
1639,0
1640,0
1641,0
1642,1
1643,0
1644,3
1645,0
1646,0
1647,0
1648,10
1649,7
1650,0
1651,0
1652,173
1653,283
1654,467
1655,510
1656,524
1657,46
1658,64
1659,35
1660,41
1661,58
1662,54
1663,60
1664,67
1665,285
1666,248
1667,107
1668,305
1669,73
1670,249
1671,119
1672,286
1673,378
1674,115
1675,175
1676,216
1677,315
1678,239
1679,211
1680,208
1681,201
1682,265
1683,122
1684,329
1685,676
1686,415
1687,229
1688,166
1689,65
1690,229
1691,480
1692,219
1693,93
1694,43
1695,13
1696,8
1697,153
1698,360
1699,403
1700,488
1701,488
1702,398
1703,497
1704,247
1705,227
1706,163
1707,163
1708,0
1709,1
1710,0
1711,0
1712,59
1713,333
1714,135
1715,125
1716,118
1717,380
1718,248
1719,385
1720,537
1721,747
1722,896
1723,1147
1724,1293
1725,1068
1726,706
1727,797
1728,523
1729,397
1730,76
1731,53
1732,25
1733,26
1734,31
1735,27
1736,19
1737,141
1738,545
1739,838
1740,720
1741,593
1742,519
1743,59
1744,69
1745,225
1746,126
1747,65
1748,35
1749,35
1750,33
1751,40
1752,56
1753,66
1754,158
1755,452
1756,820
1757,1020
1758,795
1759,48
1760,149
1761,488
1762,817
1763,22
1764,39
1765,525
1766,601
1767,207
1768,155
1769,87
1770,100
1771,158
1772,166
1773,202
1774,473
1775,77
1776,161
1777,128
1778,346
1779,0
1780,844
1781,748
1782,991
1783,685
1784,752
1785,300
1786,144
1787,225
1788,1739
1789,1869
1790,1181
1791,880
1792,631
1793,484
1794,389
1795,267
1796,168
1797,548
1798,1133
1799,2103
1800,1568
1801,1735
1802,1161
1803,873
1804,1343
1805,1224
1806,1111
1807,739
1808,858
1809,786
1810,947
1811,926
1812,894
1813,613
1814,572
1815,581
1816,863
1817,1099
1818,1274
1819,1078
1820,916
1821,696
1822,559
1823,842
1824,715
1825,899
1826,1002
1827,681
1828,47
1829,25
1830,757
1831,521
1832,152
1833,2478
1834,2368
1835,1770
1836,1900
1837,1482
1838,148
1839,180
1840,1207
1841,1333
1842,1423
1843,583
1844,864
1845,2116
1846,2409
1847,798
1848,998
1849,1473
1850,1066
1851,806
1852,848
1853,849
1854,1118
1855,936
1856,695
1857,716
1858,1
1859,24
1860,38
1861,41
1862,53
1863,56
1864,0
1865,2
1866,15
1867,55
1868,0
1869,17
1870,0
1871,0
1872,27
1873,0
1874,0
1875,0
1876,0
1877,0
1878,0
1879,17
1880,124
1881,311
1882,443
1883,426
1884,11
1885,45
1886,28
1887,0
1888,33
1889,31
1890,144
1891,84
1892,20
1893,37
1894,687
1895,95
1896,53
1897,71
1898,35
1899,35
1900,77
1901,30
1902,10
1903,12
1904,69
1905,313
1906,399
1907,112
1908,433
1909,721
1910,487
1911,638
1912,774
1913,855
1914,822
1915,757
1916,792
1917,679
1918,656
1919,785
1920,967
1921,945
1922,872
1923,632
1924,0
1925,35
1926,48
1927,250
1928,261
1929,769
1930,694
1931,707
1932,747
1933,915
1934,1151
1935,1254
1936,0
1937,0
1938,0
1939,0
1940,0
1941,285
1942,140
1943,449
1944,0
1945,0
1946,0
1947,0
1948,0
1949,0
1950,0
1951,0
1952,0
1953,0
1954,68
1955,478
1956,494
1957,410
1958,180
1959,0
1960,0
1961,0
1962,0
1963,190
1964,398
1965,533
1966,622
1967,552
1968,568
1969,715
1970,828
1971,1032
1972,1130
1973,1148
1974,1063
1975,101
1976,282
1977,409
1978,619
1979,605
1980,381
1981,510
1982,807
1983,446
1984,150
1985,270
1986,917
1987,452
1988,348
1989,159
1990,515
1991,481
1992,1112
1993,368
1994,581
1995,174
1996,138
1997,58
1998,187
1999,313
2000,338
2001,378
2002,585
2003,190
2004,1289
2005,1711
2006,2142
2007,2314
2008,2164
2009,2134
2010,1776
2011,441
2012,210
2013,90
2014,74
2015,71
2016,1646
2017,1837
2018,1772
2019,2094
2020,1971
2021,1157
2022,863
2023,1757
2024,322
2025,1238
2026,1485
2027,425
2028,847
2029,150
2030,124
2031,176
2032,449
2033,499
2034,769
2035,652
2036,784
2037,912
2038,541
2039,548
2040,837
2041,1057
2042,1273
2043,1495
2044,1089
2045,1004
2046,1368
2047,769
2048,709
2049,486
2050,71
2051,42
2052,28
2053,1
2054,27
2055,735
2056,866
2057,1331
2058,1301
2059,1031
2060,360
2061,345
2062,480
2063,796
2064,1470
2065,5
2066,8
2067,1
2068,2
2069,283
2070,238
2071,284
2072,282
2073,540
2074,806
2075,775
2076,248
2077,331
2078,121
2079,613
2080,737
2081,1110
2082,889
2083,670
2084,583
2085,475
2086,401
2087,396
2088,365
2089,287
2090,382
2091,507
2092,490
2093,469
2094,304
2095,219
2096,314
2097,383
2098,379
2099,360
2100,277
2101,576
2102,682
2103,381
2104,211
2105,353
2106,492
2107,631
2108,599
2109,599
2110,415
2111,704
2112,956
2113,1126
2114,778
2115,620
2116,581
2117,791
2118,714
2119,465
2120,175
2121,340
2122,474
2123,24
2124,26
2125,565
2126,633
2127,85
2128,936
2129,500
2130,443
2131,603
2132,584
2133,961
2134,712
2135,23
2136,53
2137,109
2138,352
2139,202
2140,612
2141,700
2142,846
2143,507
2144,195
2145,59
2146,162
2147,188
2148,70
2149,212
2150,1069
2151,1268
2152,1214
2153,1099
2154,882
2155,688
2156,383
2157,209
2158,96
2159,34
2160,464
2161,518
2162,1141
2163,1204
2164,1070
2165,782
2166,42
2167,617
2168,818
2169,523
2170,709
2171,63
2172,36
2173,221
2174,183
2175,132
2176,83
2177,130
2178,144
2179,117
2180,269
2181,259
2182,615
2183,758
2184,745
2185,634
2186,846
2187,1118
2188,670
2189,583
2190,658
2191,473
2192,458
2193,825
2194,832
2195,707
2196,639
2197,692
2198,198
2199,381
2200,16
2201,4
2202,0
2203,0
2204,0
2205,2
2206,2
2207,2
2208,2
2209,0
2210,0
2211,1
2212,2
2213,379
2214,123
2215,21
2216,241
2217,113
2218,275
2219,608
2220,91
2221,31
2222,38
2223,38
2224,24
2225,4
2226,34
2227,35
2228,28
2229,34
2230,293
2231,14
2232,34
2233,410
2234,420
2235,491
2236,519
2237,464
2238,472
2239,349
2240,397
2241,413
2242,570
2243,678
2244,519
2245,442
2246,260
2247,490
2248,359
2249,322
2250,416
2251,494
2252,400
2253,341
2254,455
2255,599
2256,1
2257,0
2258,0
2259,0
2260,0
2261,0
2262,0
2263,0
2264,0
2265,2
2266,0
2267,0
2268,0
2269,0
2270,0
2271,0
2272,581
2273,356
2274,472
2275,538
2276,905
2277,909
2278,611
2279,0
2280,0
2281,57
2282,64
2283,16
2284,25
2285,11
2286,420
2287,361
2288,528
2289,568
2290,443
2291,498
2292,572
2293,238
2294,351
2295,224
2296,191
2297,278
2298,88
2299,304
2300,412
2301,234
2302,492
2303,541
2304,548
2305,760
2306,700
2307,625
2308,486
2309,402
2310,1008
2311,36
2312,14
2313,98
2314,295
2315,345
2316,361
2317,372
2318,462
2319,388
2320,1006
2321,272
2322,391
2323,733
2324,438
2325,367
2326,413
2327,606
2328,619
2329,211
2330,161
2331,325
2332,368
2333,349
2334,578
2335,231
2336,85
2337,265
2338,250
2339,29
2340,0
2341,0
2342,237
2343,298
2344,581
2345,546
2346,842
2347,598
2348,232
2349,141
2350,45
2351,35
2352,0
2353,167
2354,247
2355,235
2356,172
2357,150
2358,38
2359,243
2360,33
2361,1696
2362,1276
2363,1330
2364,1093
2365,861
2366,1065
2367,2018
2368,2555
2369,2360
2370,2200
2371,1690
2372,1210
2373,1084
2374,1465
2375,1567
2376,1700
2377,1327
2378,1411
2379,21
2380,164
2381,87
2382,25
2383,170
2384,557
2385,335
2386,423
2387,572
2388,548
2389,411
2390,223
2391,296
2392,329
2393,360
2394,262
2395,43
2396,176
2397,109
2398,99
2399,255
2400,464
2401,658
2402,522
2403,232
2404,673
2405,493
2406,392
2407,478
2408,432
2409,432
2410,443
2411,401
2412,452
2413,254
2414,43
2415,127
2416,265
2417,19
2418,472
2419,487
2420,634
2421,621
2422,660
2423,638
2424,398
2425,106
2426,262
2427,478
2428,329
2429,529
2430,545
2431,1185
2432,903
2433,158
2434,118
2435,89
2436,211
2437,645
2438,707
2439,944
2440,968
2441,811
2442,789
2443,484
2444,968
2445,700
2446,266
2447,77
2448,908
2449,124
2450,428
2451,14
2452,6
2453,97
2454,592
2455,837
2456,732
2457,387
2458,480
2459,411
2460,165
2461,538
2462,652
2463,788
2464,661
2465,801
2466,1085
2467,1246
2468,1097
2469,1055
2470,1372
2471,102
2472,12
2473,200
2474,1306
2475,1323
2476,722
2477,426
2478,573
2479,537
2480,770
2481,797
2482,672
2483,785
2484,790
2485,823
2486,509
2487,265
2488,370
2489,1068
2490,948
2491,852
2492,639
2493,841
2494,1848
2495,1559
2496,818
2497,1421
2498,1624
2499,1652
2500,1111
2501,1140
2502,1247
2503,1128
2504,755
2505,718
2506,705
2507,396
2508,782
2509,779
2510,978
2511,1090
2512,1046
2513,284
2514,885
2515,970
2516,935
2517,573
2518,993
2519,1225
2520,1205
2521,1206
2522,956
2523,857
2524,943
2525,930
2526,1090
2527,1200
2528,562
2529,913
2530,739
2531,1068
2532,1181
2533,1076
2534,1005
2535,771
2536,808
2537,476
2538,397
2539,1113
2540,676
2541,368
2542,243
2543,479
2544,495
2545,514
2546,1009
2547,563
2548,885
2549,864
2550,374
2551,93
2552,47
2553,12
2554,191
2555,281
2556,429
2557,1234
2558,763
2559,771
2560,685
2561,555
2562,817
2563,878
2564,367
2565,63
2566,339
2567,374
2568,953
2569,160
2570,167
2571,322
2572,304
2573,90
2574,308
2575,459
2576,1810
2577,2280
2578,162
2579,136
2580,200
2581,162
2582,121
2583,515
2584,299
2585,234
2586,85
2587,842
2588,1202
2589,1333
2590,1062
2591,331
2592,426
2593,166
2594,521
2595,386
2596,317
2597,779
2598,1062
2599,811
2600,735
2601,483
2602,778
2603,834
2604,705
2605,471
2606,409
2607,11
2608,224
2609,283
2610,444
2611,717
2612,750
2613,628
2614,206
2615,391
2616,334
2617,265
2618,959
2619,1291
2620,1671
2621,747
2622,750
2623,638
2624,260
2625,294
2626,340
2627,686
2628,758
2629,0
2630,0
2631,0
2632,0
2633,0
2634,0
2635,0
2636,0
2637,0
2638,0
2639,0
2640,0
2641,184
2642,645
2643,879
2644,827
2645,976
2646,604
2647,467
2648,435
2649,252
2650,422
2651,417
2652,370
2653,497
2654,553
2655,692
2656,1421
2657,925
2658,0
2659,0
2660,0
2661,0
2662,0
2663,0
2664,0
2665,0
2666,0
2667,1133
2668,0
2669,0
2670,78
2671,6
2672,0
2673,9
2674,615
2675,573
2676,409
2677,573
2678,0
2679,0
2680,0
2681,0
2682,0
2683,0
2684,0
2685,76
2686,78
2687,85
2688,150
2689,170
2690,142
2691,109
2692,116
2693,52
2694,66
2695,149
2696,217
2697,222
2698,354
2699,121
2700,393
2701,340
2702,360
2703,285
2704,330
2705,411
2706,463
2707,414
2708,361
2709,244
2710,247
2711,249
2712,250
2713,301
2714,307
2715,413
2716,406
2717,1047
2718,1154
2719,462
2720,284
2721,456
2722,222
2723,231
2724,162
2725,614
2726,779
2727,862
2728,30
2729,409
2730,209
2731,232
2732,118
2733,72
2734,47
2735,215
2736,517
2737,528
2738,338
2739,81
2740,50
2741,0
2742,0
2743,26
2744,88
2745,157
2746,223
2747,735
2748,406
2749,280
2750,379
2751,469
2752,620
2753,542
2754,246
2755,1
2756,172
2757,158
2758,218
2759,303
2760,346
2761,316
2762,5
2763,6
2764,163
2765,162
2766,171
2767,106
2768,492
2769,184
2770,619
2771,104
2772,102
2773,333
2774,320
2775,362
2776,353
2777,313
2778,303
2779,357
2780,17
2781,585
2782,222
2783,210
2784,150
2785,44
2786,290
2787,269
2788,3
2789,3
2790,2
2791,3
2792,2
2793,0
2794,2
2795,7
2796,19
2797,40
2798,89
2799,142
2800,82
2801,39
2802,30
2803,56
2804,0
2805,12
2806,17
2807,55
2808,63
2809,138
2810,161
2811,142
2812,154
2813,76
2814,9
2815,9
2816,0
2817,0
2818,28
2819,42
2820,90
2821,89
2822,63
2823,59
2824,75
2825,59
2826,1
2827,24
2828,373
2829,6
2830,13
2831,36
2832,201
2833,139
2834,25
2835,52
2836,21
2837,312
2838,49
2839,79
2840,89
2841,14
2842,45
2843,66
2844,42
2845,94
2846,41
2847,65
2848,67
2849,50
2850,87
2851,125
2852,143
2853,10
2854,70
2855,45
2856,24
2857,158
2858,210
2859,369
2860,249
2861,112
2862,249
2863,53
2864,1
2865,1037
2866,646
2867,120
2868,585
2869,208
2870,46
2871,66
2872,102
2873,865
2874,667
2875,331
2876,169
2877,415
2878,312
2879,643
2880,860
2881,117
2882,340
2883,253
2884,413
2885,748
2886,390
2887,305
2888,174
2889,344
2890,289
2891,249
2892,457
2893,428
2894,585
2895,731
2896,765
2897,914
2898,876
2899,870
2900,894
2901,851
2902,417
2903,350
2904,98
2905,163
2906,150
2907,127
2908,3
2909,2
2910,0
2911,2
2912,2
2913,1
2914,1
2915,74
2916,113
2917,126
2918,338
2919,201
2920,194
2921,1114
2922,6
2923,802
2924,1196
2925,971
2926,303
2927,187
2928,370
2929,359
2930,891
2931,1071
2932,1083
2933,618
2934,0
2935,0
2936,0
2937,0
2938,0
2939,0
2940,0
2941,13
2942,201
2943,257
2944,274
2945,148
2946,115
2947,460
2948,0
2949,0
2950,0
2951,128
2952,170
2953,390
2954,614
2955,688
2956,663
2957,476
2958,492
2959,460
2960,278
2961,237
2962,280
2963,407
2964,446
2965,352
2966,497
2967,537
2968,623
2969,693
2970,648
2971,425
2972,797
2973,300
2974,372
2975,597
2976,1069
2977,148
2978,172
2979,76
2980,1133
2981,1320
2982,1415
2983,1227
2984,836
2985,413
2986,699
2987,974
2988,1209
2989,266
2990,25
2991,0
2992,0
2993,0
2994,0
2995,0
2996,0
2997,463
2998,227
2999,315
3000,158
3001,129
3002,121
3003,203
3004,264
3005,229
3006,256
3007,267
3008,210
3009,186
3010,163
3011,254
3012,257
3013,352
3014,325
3015,571
3016,276
3017,0
3018,0
3019,0
3020,0
3021,0
3022,0
3023,0
3024,0
3025,0
3026,11
3027,204
3028,305
3029,379
3030,292
3031,367
3032,293
3033,216
3034,236
3035,253
3036,304
3037,341
3038,429
3039,396
3040,192
3041,213
3042,377
3043,4
3044,0
3045,0
3046,2
3047,2
3048,0
3049,37
3050,46
3051,47
3052,21
3053,17
3054,13
3055,0
3056,0
3057,0
3058,29
3059,367
3060,639
3061,765
3062,369
3063,93
3064,121
3065,262
3066,710
3067,830
3068,762
3069,250
3070,393
3071,448
3072,610
3073,825
3074,878
3075,1114
3076,1449
3077,959
3078,788
3079,468
3080,271
3081,332
3082,616
3083,728
3084,1249
3085,815
3086,200
3087,38
3088,520
3089,432
3090,415
3091,625
3092,1179
3093,1050
3094,50
3095,900
3096,1124
3097,638
3098,547
3099,735
3100,622
3101,919
3102,808
3103,579
3104,506
3105,396
3106,411
3107,225
3108,175
3109,192
3110,289
3111,796
3112,750
3113,206
3114,251
3115,153
3116,749
3117,452
3118,647
3119,0
3120,0
3121,0
3122,0
3123,0
3124,0
3125,0
3126,0
3127,189
3128,408
3129,395
3130,308
3131,330
3132,407
3133,437
3134,418
3135,353
3136,386
3137,484
3138,504
3139,372
3140,319
3141,355
3142,354
3143,378
3144,368
3145,344
3146,416
3147,674
3148,870
3149,912
3150,576
3151,777
3152,762
3153,630
3154,26
3155,14
3156,6
3157,27
3158,209
3159,34
3160,64
3161,0
3162,352
3163,509
3164,654
3165,897
3166,859
3167,137
3168,43
3169,21
3170,536
3171,508
3172,419
3173,388
3174,265
3175,398
3176,274
3177,23
3178,33
3179,0
3180,0
3181,0
3182,0
3183,8
3184,19
3185,47
3186,33
3187,48
3188,49
3189,34
3190,23
3191,28
3192,24
3193,5
3194,2
3195,8
3196,17
3197,54
3198,55
3199,54
3200,45
3201,30
3202,44
3203,44
3204,17
3205,43
3206,37
3207,28
3208,49
3209,28
3210,70
3211,654
3212,524
3213,1
3214,77
3215,1917
3216,1852
3217,1789
3218,1078
3219,980
3220,1137
3221,698
3222,446
3223,282
3224,436
3225,611
3226,666
3227,455
3228,168
3229,946
3230,1231
3231,372
3232,0
3233,0
3234,0
3235,0
3236,0
3237,0
3238,0
3239,0
3240,0
3241,0
3242,0
3243,0
3244,0
3245,0
3246,0
3247,0
3248,0
3249,0
3250,0
3251,0
3252,0
3253,0
3254,0
3255,0
3256,0
3257,0
3258,0
3259,0
3260,0
3261,0
3262,0
3263,0
3264,0
3265,0
3266,0
3267,0
3268,0
3269,0
3270,0
3271,0
3272,0
3273,0
3274,0
3275,0
3276,0
3277,0
3278,0
3279,0
3280,0
3281,0
3282,0
3283,0
3284,0
3285,0
3286,0
3287,45
3288,57
3289,24
3290,21
3291,84
3292,116
3293,145
3294,254
3295,291
3296,343
3297,210
3298,151
3299,258
3300,226
3301,330
3302,206
3303,270
3304,160
3305,115
3306,197
3307,213
3308,26
3309,0
3310,0
3311,0
3312,0
3313,0
3314,0
3315,0
3316,0
3317,0
3318,0
3319,0
3320,0
3321,0
3322,0
3323,0
3324,0
3325,0
3326,0
3327,0
3328,0
3329,0
3330,0
3331,0
3332,0
3333,0
3334,0
3335,0
3336,0
3337,184
3338,254
3339,0
3340,0
3341,0
3342,0
3343,0
3344,0
3345,0
3346,0
3347,0
3348,0
3349,0
3350,0
3351,0
3352,0
3353,0
3354,0
3355,0
3356,0
3357,0
3358,0
3359,0
3360,0
3361,0
3362,0
3363,0
3364,0
3365,0
3366,0
3367,0
3368,0
3369,0
3370,0
3371,0
3372,0
3373,0
3374,0
3375,22
3376,92
3377,60
3378,0
3379,7
3380,23
3381,20
3382,0
3383,233
3384,0
3385,0
3386,0
3387,0
3388,3
3389,0
3390,22
3391,5
3392,0
3393,0
3394,3
3395,0
3396,0
3397,0
3398,0
3399,0
3400,0
3401,0
3402,0
3403,0
3404,0
3405,0
3406,0
3407,0
3408,0
3409,0
3410,0
3411,0
3412,0
3413,0
3414,0
3415,0
3416,0
3417,0
3418,0
3419,0
3420,0
3421,0
3422,0
3423,0
3424,0
3425,0
3426,0
3427,0
3428,0
3429,0
3430,0
3431,0
3432,0
3433,0
3434,0
3435,0
3436,0
3437,0
3438,0
3439,0
3440,0
3441,0
3442,0
3443,0
3444,0
3445,0
3446,0
3447,0
3448,0
3449,0
3450,0
3451,0
3452,0
3453,0
3454,0
3455,0
3456,0
3457,0
3458,0
3459,143
3460,226
3461,282
3462,384
3463,287
3464,221
3465,308
3466,265
3467,271
3468,223
3469,316
3470,260
3471,307
3472,302
3473,322
3474,268
3475,318
3476,221
3477,238
3478,218
3479,242
3480,120
3481,235
3482,21
3483,228
3484,148
3485,0
3486,0
3487,0
3488,0
3489,0
3490,0
3491,0
3492,0
3493,0
3494,0
3495,0
3496,0
3497,0
3498,0
3499,4
3500,71
3501,76
3502,119
3503,209
3504,249
3505,171
3506,217
3507,207
3508,193
3509,338
3510,0
3511,0
3512,0
3513,0
3514,0
3515,0
3516,0
3517,9
3518,57
3519,113
3520,198
3521,257
3522,299
3523,241
3524,114
3525,171
3526,455
3527,431
3528,294
3529,104
3530,188
3531,244
3532,260
3533,254
3534,146
3535,122
3536,223
3537,213
3538,268
3539,293
3540,220
3541,121
3542,157
3543,180
3544,144
3545,211
3546,253
3547,158
3548,170
3549,0
3550,0
3551,0
3552,0
3553,0
3554,0
3555,0
3556,0
3557,0
3558,0
3559,0
3560,0
3561,0
3562,0
3563,0
3564,0
3565,0
3566,0
3567,0
3568,0
3569,0
3570,0
3571,0
3572,0
3573,0
3574,0
3575,0
3576,0
3577,10
3578,200
3579,150
3580,135
3581,120
3582,19
3583,0
3584,0
3585,0
3586,0
3587,0
3588,0
3589,3
3590,172
3591,0
3592,0
3593,0
3594,0
3595,0
3596,0
3597,0
3598,0
3599,0
3600,0
3601,0
3602,0
3603,0
3604,0
3605,0
3606,0
3607,0
3608,0
3609,0
3610,0
3611,0
3612,0
3613,0
3614,0
3615,0
3616,0
3617,0
3618,0
3619,0
3620,0
3621,0
3622,0
3623,0
3624,0
3625,0
3626,0
3627,0
3628,0
3629,0
3630,0
3631,0
3632,0
3633,0
3634,0
3635,0
3636,17
3637,90
3638,17
3639,48
3640,67
3641,70
3642,56
3643,55
3644,42
3645,73
3646,76
3647,40
3648,36
3649,24
3650,37
3651,23
3652,27
3653,0
3654,0
3655,0
3656,0
3657,0
3658,0
3659,0
3660,0
3661,0
3662,0
3663,0
3664,0
3665,0
3666,33
3667,126
3668,154
3669,338
3670,179
3671,44
3672,26
3673,53
3674,28
3675,60
3676,252
3677,9
3678,0
3679,0
3680,0
3681,211
3682,234
3683,0
3684,0
3685,0
3686,0
3687,0
3688,0
3689,0
3690,0
3691,0
3692,0
3693,0
3694,0
3695,27
3696,57
3697,1
3698,42
3699,18
3700,5
3701,24
3702,34
3703,25
3704,0
3705,0
3706,0
3707,0
3708,0
3709,0
3710,0
3711,0
3712,0
3713,0
3714,0
3715,0
3716,15
3717,31
3718,90
3719,26
3720,37
3721,14
3722,0
3723,0
3724,0
3725,0
3726,0
3727,0
3728,0
3729,0
3730,0
3731,0
3732,0
3733,0
3734,0
3735,0
3736,0
3737,0
3738,0
3739,0
3740,0
3741,0
3742,0
3743,0
3744,0
3745,0
3746,0
3747,0
3748,0
3749,0
3750,0
3751,0
3752,0
3753,0
3754,0
3755,0
3756,415
3757,324
3758,234
3759,260
3760,2
3761,0
3762,0
3763,0
3764,0
3765,0
3766,0
3767,0
3768,199
3769,252
3770,422
3771,372
3772,0
3773,0
3774,0
3775,0
3776,0
3777,0
3778,0
3779,0
3780,0
3781,0
3782,0
3783,0
3784,0
3785,0
3786,0
3787,0
3788,0
3789,0
3790,0
3791,0
3792,0
3793,0
3794,0
3795,0
3796,0
3797,0
3798,0
3799,0
3800,0
3801,0
3802,0
3803,0
3804,0
3805,0
3806,0
3807,11
3808,13
3809,14
3810,0
3811,0
3812,0
3813,0
3814,0
3815,0
3816,0
3817,2
3818,3
3819,4
3820,102
3821,242
3822,0
3823,0
3824,0
3825,0
3826,0
3827,0
3828,553
3829,519
3830,669
3831,671
3832,721
3833,476
3834,148
3835,0
3836,0
3837,0
3838,0
3839,378
3840,507
3841,816
3842,181
3843,160
3844,514
3845,311
3846,22
3847,38
3848,38
3849,39
3850,27
3851,18
3852,839
3853,141
3854,0
3855,0
3856,0
3857,0
3858,0
3859,652
3860,0
3861,93
3862,0
3863,399
3864,291
3865,31
3866,0
3867,0
3868,8
3869,70
3870,167
3871,24
3872,0
3873,531
3874,0
3875,0
3876,0
3877,0
3878,0
3879,0
3880,0
3881,0
3882,0
3883,0
3884,0
3885,0
3886,0
3887,32
3888,30
3889,13
3890,54
3891,14
3892,260
3893,14
3894,855
3895,699
3896,901
3897,9
3898,754
3899,172
3900,419
3901,17
3902,26
3903,1108
3904,1196
3905,702
3906,626
3907,404
3908,263
3909,955
3910,299
3911,0
3912,276
3913,262
3914,112
3915,447
3916,251
3917,355
3918,401
3919,374
3920,306
3921,770
3922,224
3923,394
3924,477
3925,395
3926,318
3927,330
3928,465
3929,428
3930,0
3931,0
3932,0
3933,28
3934,43
