station_id,lat,lon,name,short_name,capacity,X,Y
42,45.50206,-73.56295,Square Victoria (Viger / du Square-Victoria),6043,19,612267.8361618131,5039729.696939655
1,45.51016276368593,-73.55663707494385,Métro Champ-de-Mars (Viger / Sanguinet),6001,35,612744.8447424585,5040638.731075378
2,45.539385081961676,-73.54099988937377,Ste-Catherine / Dezery,6002,19,613907.2993136812,5043907.316431168
3,45.510681491218264,-73.56707632541656,Ontario / Clark,6003,15,611928.3820639778,5040681.75580201
4,45.50965520472071,-73.55400860309601,du Champ-de-Mars / Gosford,6004,23,612951.176229625,5040586.036813452
5,45.52588991809354,-73.65003436803818,Brittany / Ainsley,6005,19,605419.9841722775,5042259.079580313
6,45.56129266944769,-73.57611326515325,de Bellechasse / Pie-IX,6006,23,611122.7444405246,5046291.959401331
7,45.51166045593874,-73.56213569641113,de l'Hôtel-de-Ville / Ste-Catherine,6007,31,612312.3551134038,5040797.414162482
8,45.512936177874096,-73.56124520301817,Ste-Catherine / Sanguinet,6008,47,612379.3722992623,5040940.388649825
9,45.498132074644275,-73.57762072817422,Crescent / de Maisonneuve,6009,0,611129.4350254863,5039272.914320559
10,45.611230741550536,-73.5312415660519,de Grosbois / Duchesneau,6901,15,614522.9887258082,5051903.112891167
11,45.51411170862938,-73.552655428648,St-André / St-Antoine,6011,27,613047.9526191024,5041083.04415952
12,45.51064978555748,-73.56511591007802,Métro St-Laurent (de Maisonneuve / St-Laurent),6012,23,612081.5762371765,5040680.9678814495
13,45.51340553558378,-73.56259435415267,Sanguinet / de Maisonneuve,6013,0,612273.0586675187,5040990.645440431
14,45.51372291221464,-73.5603104531765,St-Denis / Ste-Catherine,6014,43,612450.817065513,5041029.100965067
15,45.514690595934766,-73.55990141630173,Berri /Ste-Catherine,6015,26,612480.8377122429,5041137.180447534
16,45.47259900304475,-73.5398056358099,Jacques-Le Ber / de la Pointe Nord,6016,27,614135.4506095869,5036489.304120344
17,45.52063377251984,-73.56390595436096,Atateken / du Square Amherst,6017,0,612156.2490788711,5041791.846657411
18,45.51889,-73.56353,St-André / Ontario,6018,19,612189.0764476188,5041598.644208376
19,45.51814312154928,-73.56800436973572,Métro Sherbrooke (de Rigaud / Berri),6019,23,611841.1069217403,5041509.4258923605
20,45.513591550752274,-73.56625556945801,de l'Hôtel-de-Ville / Ontario,6020,27,611986.7199879314,5041006.198354798
21,45.52111152278944,-73.56231406331062,Montcalm / Ontario,6902,0,612279.621885912,5041847.148292282
22,45.51086,-73.54983,de la Commune / Berri,6023,51,613275.1623611414,5040725.771760966
23,45.59926552299961,-73.51226069033146,des Ormeaux / Notre-Dame,6024,27,616027.640554836,5050601.08887907
24,45.50714391928411,-73.55511903762817,Notre-Dame / St-Gabriel,6025,15,612869.4568123869,5040305.479989663
25,45.50761009451047,-73.55183601379395,de la Commune / Place Jacques-Cartier,6026,81,613124.9812197946,5040361.890132851
26,45.502053864057466,-73.57346534729004,de Maisonneuve / Mansfield (sud),6027,0,611446.3519080076,5039714.369518144
28,45.48067368593179,-73.58351558446884,Bourget / St-Jacques,6029,19,610703.0772863025,5037325.211522287
30,45.50459069556304,-73.55918794870377,St-Antoine / St-François-Xavier,6031,18,612556.6968806061,5040016.114498059
31,45.50631445605528,-73.55967122894072,Métro Place-d'Armes (Viger / St-Urbain),6032,29,612515.5082824323,5040206.941242428
34,45.50531166520915,-73.56089115142822,Viger / Chenneville,6035,38,612422.2072378794,5040093.826040607
35,45.50424245563397,-73.553469479084,de la Commune / St-Sulpice,6036,43,613004.1208883291,5039985.456983427
36,45.501966859101564,-73.55515256524086,St-Nicolas / Place d'Youville,6037,23,612877.1856440641,5039730.279026433
37,45.49996470926352,-73.55615437030792,Place d'Youville / McGill,6038,19,612802.9198103849,5039506.439545124
38,45.5008764952487,-73.55900555849075,des Récollets / McGill,6039,23,612578.3491065447,5039603.735193338
39,45.502939709023714,-73.56064036488532,St-Antoine / Jean-Paul Riopelle,6040,23,612446.5214544741,5039830.660866184
40,45.50144108135568,-73.56014415621758,St-Jacques / McGill,6041,27,612488.2714130426,5039664.863361848
41,45.50060578095098,-73.56544822454453,de la Gauchetière / Robert-Bourassa,6042,27,612075.5517795023,5039564.648941993
43,45.521564270906616,-73.57036739587784,Roy / St-André,6044,23,611649.78357209,5041886.216056198
45,45.49831217703312,-73.56725603342056,Métro Bonaventure (de la Gauchetière / de la Cathédrale),6046,31,611938.8613061515,5039307.316336042
46,45.508140959417744,-73.57492983341217,Milton / Durocher,6204,27,611319.9406511219,5040388.594143038
47,45.49891911390352,-73.55725407600403,William / St-Henri,6048,15,612719.0904119863,5039388.733561494
48,45.49760527699099,-73.55534970760345,Queen / Wellington,6049,47,612870.5001640498,5039245.4453516
49,45.49837045828952,-73.56055587530136,Robert-Bourassa / St-Maurice,6050,35,612462.2201993004,5039323.151205147
50,45.5315079142152,-73.60308364033699,Henri-Julien / de Bellechasse,6051,19,609075.5339350749,5042945.948518367
51,45.49750375338383,-73.55284452438353,de la Commune / King,6052,70,613066.4326438436,5039237.690056461
52,45.508204615051355,-73.56881439685822,Métro Place-des-Arts (du Président-Kennedy / Jeanne-Mance),6053,27,611797.5228309856,5040404.161794405
55,45.49788352593901,-73.56856763362885,Place du Canada (Peel / de la Gauchetière),6057,22,611837.2363598647,5039257.867524776
56,45.499330334344556,-73.57175691987322,Cypress / Peel,6058,27,611585.2011947702,5039414.166925559
57,45.49790394592446,-73.57077571808077,Stanley / René-Lévesque,6059,43,611664.6798094109,5039257.063840017
58,45.507837541505836,-73.56313616037369,St-Urbain / René-Lévesque,6060,33,612241.8082770831,5040371.302078316
59,45.500989292488576,-73.57050284743309,Mansfield / Cathcart,6061,23,611679.8981097282,5039600.214543369
60,45.49863930330429,-73.57422709465027,Drummond / Ste-Catherine,6062,31,611393.5758676054,5039333.966824016
61,45.499515390738885,-73.57602953910826,Drummond / de Maisonneuve,6063,47,611251.0283066572,5039428.79879124
62,45.50038,-73.57507,Métro Peel (de Maisonneuve / Stanley),6064,49,611324.2900908255,5039526.183479061
63,45.500015468871446,-73.57938900589943,de la Montagne / Sherbrooke,6065,19,610987.5802551636,5039479.707745648
64,45.51366626207095,-73.53842496871948,Quai de la navette fluviale,6067,19,614160.3500714661,5041053.690397649
65,45.562509038048915,-73.61656039953232,2e avenue / Jean-Rivard,6068,31,607963.8566348745,5046371.869698946
67,45.50667774019704,-73.57704609632492,University / Milton,6070,0,611157.5089452331,5040223.103854647
68,45.505173440423306,-73.5706517100334,de Maisonneuve / Aylmer (ouest),6073,37,611659.9949127738,5040064.85214388
69,45.556544521001896,-73.53013157844543,St-Clément / Ste-Catherine,6076,15,614720.8900078291,5045829.167454215
71,45.50527354034462,-73.5674786567688,St-Alexandre / Ste-Catherine,6078,27,611907.6730844352,5040080.389669978
72,45.47393028235147,-73.60473453998564,Métro Vendôme (de Marlowe / de Maisonneuve),6080,31,609057.7585988276,5036547.026500661
73,45.49582294706495,-73.57696294784546,Mackay / Ste-Catherine,6081,0,611185.3719254481,5039017.288694946
74,45.54990048023633,-73.58308374881744,5e avenue / Rosemont,6082,19,610601.107097182,5045016.684018643
75,45.50434678685089,-73.56894850730896,Aylmer / Ste-Catherine,6083,47,611794.6843703969,5039975.383292832
76,45.49585490917429,-73.5544940829277,Duke / Nazareth,6084,27,612940.8496286093,5039052.188447897
77,45.49544692088696,-73.56329441070557,Peel / Notre-Dame,6085,0,612254.0719378307,5038994.525525081
78,45.52795093787009,-73.59502326697111,Henri-Julien / du Carmel,6089,23,609711.8269884725,5042561.76306556
79,45.49487159597493,-73.57112377882004,Métro Lucien-L'Allier  (Lucien l'Allier / Argyle),6090,17,611643.4792414866,5038919.696603449
80,45.491686521008035,-73.57676714658737,Joseph-Manseau / René-Lévesque,6091,19,611208.8129244553,5038558.017590547
81,45.49600732302391,-73.57334746981905,Crescent / René-Lévesque,6092,31,611467.4933249246,5039042.783410872
82,45.5353599615622,-73.60363483428955,Métro Beaubien (de Chateaubriand / Beaubien),6912,23,609025.0504382859,5043373.15128057
83,45.48952522221574,-73.5844581949641,Métro Atwater (Atwater / Ste-Catherine),6194,35,610612.0817122197,5038307.285842547
84,45.491750449903954,-73.58394473791122,Chomedey / de Maisonneuve,6095,19,610647.845656274,5038555.207733626
85,45.493514106710734,-73.56848180294037,Lucien L'Allier / St-Jacques,6096,23,611852.5939061958,5038772.56003895
86,45.49228068089086,-73.58096480369566,Ste-Catherine / Towers,6097,0,610879.6506031995,5038618.223637974
87,45.49658063218649,-73.5762146115303,Ste-Catherine / Bishop,6098,27,611242.3489274911,5039102.5010208385
88,45.51473288454674,-73.55961576104164,Ste-Catherine / Labelle,6099,31,612503.0648430584,5041142.278782531
89,45.49682986230046,-73.57913017272949,Mackay / de Maisonneuve,6100,35,611014.0629622816,5039126.155668961
90,45.4789683985657,-73.61959934234618,Métro Villa-Maria (de Monkland / Décarie),6101,26,607886.2723258692,5037086.673725987
91,45.493245802758366,-73.58368472341681,Lincoln / du Fort,6102,15,610665.2333780502,5038721.694270698
92,45.538859462962286,-73.5528177022934,de Rouen / Lespérance,6103,27,612985.7134198905,5043832.217214682
93,45.51679746990879,-73.55416417121887,Wolfe / René-Lévesque,6104,27,612924.7364784856,5041379.300584359
94,45.51862424058306,-73.55219006538391,René-Lévesque / Panet,6105,19,613075.2607026867,5041585.0274301125
95,45.52097057660443,-73.5499919950962,René-Lévesque / Papineau,6106,25,613242.2235136278,5041848.796103321
96,45.49384690142783,-73.57917845249176,Ste-Catherine / St-Mathieu,6107,0,611016.1530371361,5038794.6925438875
97,45.52836601591233,-73.55117082595825,Logan / Fullum,6108,19,613135.3320222592,5042668.744967853
98,45.50265866521738,-73.52753520011902,Parc Plage,6109,19,615033.3464963178,5039846.323674502
99,45.53006276144042,-73.54559183120728,Frontenac / Ste-Catherine,6110,19,613567.5643806293,5042865.12632474
100,45.526179830406086,-73.54922890663147,Ste-Catherine / Parthenais,6111,23,613291.3603300329,5042428.604957992
101,45.519131967116216,-73.55788965214742,Montcalm / de Maisonneuve,6112,19,612629.1062401312,5041633.422935599
102,45.52123044585842,-73.55386108160019,Alexandre-DeSève / Ste-Catherine,6113,19,612939.5379717749,5041872.216681241
103,45.52353,-73.55199,Métro Papineau (Cartier / Ste-Catherine),6114,25,613081.0560345366,5042130.323930216
104,45.46693565237702,-73.63153114914894,Parc Benny (Benny / de Monkland),6115,23,606976.5021892221,5035733.929914579
105,45.523594936648244,-73.56099039316177,Plessis / Ontario,6116,15,612378.0515014023,5042124.900002939
106,45.50538591756765,-73.5704317688942,de Maisonneuve / Aylmer (est),6117,21,611676.7563391846,5040088.763473003
107,45.52435882510794,-73.56053441762924,Alexandre-DeSève  / Ontario,6118,0,612412.1386599949,5042210.404073591
108,45.526991277453526,-73.55821162462234,Dorion / Ontario,6119,0,612588.279300513,5042506.116737484
109,45.533705987798946,-73.55217933654784,Métro Frontenac (Ontario / du Havre),6120,23,613045.8799226726,5043260.579465359
110,45.53456256501449,-73.55478646466509,du Havre / de Rouen,6121,27,612840.602591323,5043352.074263604
111,45.53061161207863,-73.54911457747221,Logan / d'Iberville,6122,19,613291.3893764231,5042921.124144874
112,45.52330366033427,-73.55799973011017,la Fontaine / Alexandre-de-Sève,6123,19,612612.184829693,5042096.730780575
113,45.531836726498305,-73.55348825454712,Poupart / Ontario,6124,15,612947.4223467219,5043051.067302308
114,45.499797390231926,-73.6301752924919,de la Peltrie / de la Côte-des-Neiges,6125,31,607020.2432801762,5039386.552508242
115,45.5321322155395,-73.55876013636589,Fullum / de Rouen,6126,27,612535.1920822207,5043076.490758891
116,45.53789110878484,-73.6182153224945,Henri-Julien / de Castelnau,6127,23,607881.8015202094,5043634.653619563
117,45.535295480380306,-73.55116009712219,Hogan / Ontario,6128,11,613122.2743684106,5043438.603539871
118,45.5367,-73.56081,Sherbrooke / Frontenac,6130,15,612366.0357697767,5043581.086853923
119,45.53407048533949,-73.56265068054199,Parc Baldwin (Fullum / Sherbrooke),6131,35,612227.5548949216,5043286.379943318
120,45.535690028316374,-73.56586396694183,Terrasse Mercure / Fullum,6133,15,611973.449100162,5043461.818868992
121,45.529914321737415,-73.56302618980408,Bordeaux / Sherbrooke,6129,19,612206.5013769581,5042824.117179282
122,45.50928678961862,-73.57101917266846,Jeanne-Mance / Sherbrooke,6202,0,611623.1572043062,5040521.320691404
123,45.5074070831929,-73.57849717140198,University / Prince-Arthur,6047,0,611042.7207537428,5040302.123894682
124,45.50975858607626,-73.57610732316971,Hutchison / Prince-Arthur,6079,0,611224.774226895,5040566.675518771
125,45.54303187243879,-73.56256484985352,André-Laurendeau / Rachel,6022,0,612216.4259409681,5044282.085318344
126,45.4912258547597,-73.58763009309769,Atwater / Sherbrooke,6093,23,610360.9047278975,5038491.857172728
127,45.533348,-73.605834,Drolet / Beaubien,6913,23,608857.2274972392,5043146.643227135
128,45.531957916826386,-73.60700100660324,de Gaspé / Beaubien,6915,19,608768.7873566526,5042990.62694324
129,45.544580831168204,-73.5717111825943,Parc du Pélican (2e avenue / St-Joseph),6916,19,611499.3380264371,5044441.4223241
130,45.53879934493943,-73.58870029449461,Marquette / des Carrières,6918,27,610184.3829340001,5043775.651283028
131,45.54740777921938,-73.60766887664795,Métro Fabre (Marquette / Jean-Talon),6923,19,608686.8622537528,5044706.160142689
132,45.5517742671765,-73.60347837231528,Louis-Hémon / Jean-Talon,6925,19,609005.5341116061,5045196.949925003
133,45.501804363327565,-73.57434511184692,Metcalfe / de Maisonneuve,6072,31,611378.1136105962,5039685.430385841
134,45.522402573414084,-73.58117669820786,Drolet / Marie-Anne,6075,0,610803.9682610963,5041964.373488996
135,45.53840340979245,-73.56196403503418,Bercy / Rachel,6134,15,612272.543140613,5043768.715983513
136,45.5291345371163,-73.55923354625702,Larivière / de Lorimier,6132,35,612504.204842491,5042742.793809938
137,45.52809995527671,-73.58843871625139,Métro Laurier (Berri / Laurier),6136,0,610225.7085308043,5042587.338534569
138,45.52966629503036,-73.56733649969101,Gauthier / Papineau,6137,0,611870.4226117698,5042790.546154105
139,45.53166363055749,-73.56536373496056,Gauthier / de Lorimier,6138,15,612020.5007934499,5043015.195514832
140,45.53292625574653,-73.56377989053726,Gauthier / Parthenais,6139,15,612141.6615901605,5043157.681082944
141,45.52983801723605,-73.5703244805336,Marquette / Rachel,6140,15,611636.7653113869,5042805.46421887
142,45.533313304815366,-73.56671154499054,des Érables / Rachel,6141,19,611911.987754312,5043196.589553815
143,45.527831544563064,-73.5719096660614,Calixa-Lavallée / Rachel,6142,30,611516.9515894621,5042580.347668835
144,45.52689,-73.57264,Rachel / de Brébeuf,6143,29,611461.7812570294,5042474.73055172
145,45.52451761488783,-73.57197672128677,du Parc-La Fontaine / Duluth,6145,0,611518.264549431,5042212.08680753
146,45.52286653749578,-73.56837719678879,du Parc-La Fontaine / Roy,6146,23,611802.6313622716,5042033.663551126
147,45.52479,-73.56545,Calixa-Lavallée / Sherbrooke,6147,23,612027.4116195517,5042251.43503775
148,45.52733971427933,-73.56485076248646,Émile-Duployé / Sherbrooke,6148,27,612069.1433092197,5042535.5370643
149,45.53867,-73.56936,Chapleau / du Mont-Royal,6149,11,611694.5882135154,5043788.014244245
150,45.53711414,-73.5710031,Messier / du Mont-Royal,6150,0,611569.3841563724,5043612.877202853
151,45.53640396516409,-73.57141345739365,Parthenais / du Mont-Royal,6151,23,611538.7497837866,5043533.408422949
152,45.53413436610844,-73.57352435588837,Chabot / Mont-Royal,6152,0,611378.4203735582,5043278.331109937
153,45.53176697148175,-73.5724139213562,Marie-Anne / Papineau,6153,23,611469.7998562522,5043016.861761488
154,45.53221791147474,-73.57543140649796,Marquette / du Mont-Royal,6154,19,611233.2981463405,5043062.774011975
155,45.53022106537559,-73.57699647545813,de Lanaudière / du Mont-Royal,6155,27,611115.0274537657,5042838.762577033
156,45.527550507601894,-73.5762870311737,Marie-Anne / de la Roche,6156,19,611175.6861211014,5042543.053696366
157,45.52927839879717,-73.57792854309082,de Brébeuf / du Mont-Royal,6157,27,611044.1026347426,5042732.745297818
158,45.530845821364125,-73.58157970011233,Gilford / de Brébeuf,6158,0,610755.9217981388,5042901.837185699
159,45.49449368327543,-73.55676054954529,Ann / Wellington,6159,19,612766.4830858607,5038897.776610276
160,45.5330129192707,-73.58128666877745,Garnier / St-Joseph,6160,23,610774.5475517707,5043142.999905788
161,45.53582823686429,-73.57869029045105,Cartier / St-Joseph,6161,19,610971.7362396395,5043459.360138342
162,45.52952466565309,-73.60488876700401,St-Dominique / de Bellechasse,6162,31,608938.4138795754,5042723.164019586
163,45.53543,-73.5822,Marquette / Laurier,6163,27,610698.4907811326,5043410.270718391
164,45.5333136054992,-73.58373686671257,de Lanaudière / Laurier,6164,19,610582.644922849,5043173.0268320395
165,45.532513956311426,-73.58481109142303,Laurier / de Brébeuf,6165,23,610500.3354114033,5043082.708728762
166,45.53383521794791,-73.58928233385086,Gerry-Boulet / St-Grégoire,6166,23,610148.6346752128,5043223.351698625
167,45.5358215436799,-73.58710169792175,Garnier / St-Grégoire,6167,27,610315.0133566592,5043447.021626757
168,45.530846300478125,-73.59832721208477,Marmier / St-Denis,6168,0,609448.2127344876,5042878.91933183
169,45.527432126380575,-73.57991673052311,Boyer / du Mont-Royal,6169,18,610892.4817916871,5042524.881482298
170,45.53085004901257,-73.5884964466095,de Mentana / Boucher,6170,23,610215.8282213596,5042892.786690564
171,45.51958082831579,-73.5601159930229,Wolfe / Robin,6171,23,612454.334856281,5041680.169264496
173,45.519266156911335,-73.5692971944809,Berri / Cherrier,6173,39,611737.9123491463,5041632.391550803
174,45.51908,-73.5727,Roy / St-Denis,6174,23,611472.5217635789,5041606.979969549
175,45.52051578783967,-73.567695915699,St-André / Cherrier,6175,31,611860.4950906488,5041773.451458395
176,45.52551168509886,-73.57424452900887,du Parc-Lafontaine / Rachel,6176,0,611339.204452804,5042319.377293226
177,45.522425652788634,-73.57418417930603,St-Hubert / Duluth,6177,2,611350.0063420878,5041976.612119337
178,45.52435318759273,-73.57596650719643,St-André / Rachel,6178,15,611207.0163127375,5042188.28492117
179,45.52080238036152,-73.575798869133,Duluth  / St-Denis,6179,23,611227.1056885341,5041794.033271955
180,45.498846367453694,-73.55462982326571,des Soeurs-Grises / Marguerite d'Youville,6180,39,612924.2632099894,5039384.3380663255
181,45.5173538,-73.58212888,Clark / Rachel,6181,31,610739.51284177,5041402.156626299
182,45.52141314643908,-73.58498811721802,de Bullion / du Mont-Royal,6182,15,610508.2513167434,5041849.19786956
183,45.5223645775784,-73.58414590358734,Laval / du Mont-Royal,6183,0,610572.1613907488,5041956.058579913
184,45.524673,-73.58255,Métro Mont-Royal (Rivard / du Mont-Royal),6184,39,610692.2661964882,5042214.716569432
185,45.54912085535069,-73.60087350010872,des Érables / Bélanger,6185,15,609213.996579069,5044905.7043771455
186,45.52895039362793,-73.587866127491,St-Hubert / Laurier,6186,15,610268.7585307194,5042682.606123268
187,45.52562819123256,-73.58177483081818,Resther / du Mont-Royal,6187,23,610750.9262073726,5042321.904570946
188,45.526026565221414,-73.57785880565643,de Mentana / Marie-Anne,6188,19,611055.9482698931,5042371.572644596
189,45.552289376429215,-73.61300647258759,Chabot / Villeray,6189,15,608260.8314120736,5045241.278177189
190,45.527009334270645,-73.58576595783234,Pontiac / Gilford,6190,0,610436.552195794,5042469.847158727
191,45.53140956373919,-73.61271411180496,St-Zotique / Clark,6191,11,608323.7484056195,5042921.980976651
192,45.528150161032585,-73.59169363975525,Boucher / St-Denis,6192,23,609971.4417495233,5042588.4521058975
193,45.521495731487576,-73.5968267172575,de l'Esplanade / Fairmount,6193,15,609583.5343546295,5041842.145754808
194,45.52557815939422,-73.59285570681095,de Gaspé / Fairmount,6094,23,609885.7075227846,5042301.119029031
195,45.52404631813311,-73.59015061847458,de Bullion / St-Joseph,6195,31,610099.9393213515,5042134.642307728
196,45.52142922483992,-73.58953826151264,Villeneuve / St-Laurent,6196,0,610152.8683018197,5041844.731152911
197,45.53898439552301,-73.5824453830719,de Bordeaux / Masson,6197,19,610672.3577178426,5043804.815828117
198,45.52974,-73.59527,Hélène-Baillargeon / St-Denis,6198,23,609689.0820604475,5042760.185483445
199,45.5251943015533,-73.59935637563467,Clark / St-Viateur,6199,0,609378.8076869692,5042249.596063978
200,45.524628485592636,-73.5958108305931,Maguire / St-Laurent,6200,23,609656.7843122641,5042191.572399938
201,45.52348082760688,-73.58732756238169,de l'Hôtel-de-Ville / Villeneuve,6201,23,610321.5061207769,5042075.69350149
202,45.50629456823703,-73.57282698154448,Aylmer / Sherbrooke,6203,27,611487.85079902,5040186.383454937
203,45.50936142835129,-73.57386365532875,Milton / du Parc,6205,0,611400.8172692833,5040525.662759474
204,45.51059,-73.57547,Prince-Arthur / du Parc,6206,23,611272.9187849464,5040659.925842589
205,45.51283174510449,-73.57688784599304,Ste-Famille / des Pins,6207,11,611157.754434229,5040907.0126956105
206,45.51069,-73.57805,Hutchison / des Pins,6208,23,611071.1937151193,5040667.463591652
207,45.512640029999396,-73.57060074806213,Milton / Clark,6209,27,611649.2103487852,5040894.436485725
208,45.550692068419764,-73.65636706352234,Métro Sauvé (Berri / Sauvé),6210,26,604879.3327443392,5045006.235527398
209,45.51522812881499,-73.5750961303711,des Pins / St-Laurent,6211,23,611292.9784165847,5041175.725164983
210,45.51509198406273,-73.58114182949066,Duluth / de l'Esplanade,6212,0,610821.0443094859,5041152.237861731
211,45.516906476407094,-73.57950568199158,Duluth / St-Laurent,6213,15,610945.2701234161,5041356.081739234
212,45.516090801970655,-73.5701286792755,Square St-Louis (du Square St-Louis / Laval),6214,31,611679.2561012816,5041278.462718176
213,45.50083231626815,-73.57245951890945,Metcalfe / St-Catherine,6215,43,611527.343050047,5039580.056012028
214,45.514866433022796,-73.58475860237377,Parc Jeanne-Mance (monument à sir George-Étienne Cartier),6216,43,610538.996011297,5041122.194354739
215,45.518967223320054,-73.5836161673069,Vallières / St-Laurent,6217,23,610620.1900396189,5041579.352682458
216,45.51733075399989,-73.57449866831303,de l'Hôtel-de-Ville / Roy,6219,19,611335.4961264706,5041410.148486098
217,45.51922631024093,-73.57718793155072,Laval / Duluth,6220,27,611121.7262262278,5041617.013289016
218,45.51941,-73.58685,du Mont-Royal / Clark,6221,27,610366.7613461276,5041624.093352398
219,45.51825290855221,-73.5883381962776,de l'Esplanade / du Mont-Royal,6222,0,610252.7940839201,5041493.499422866
220,45.51689731423111,-73.58910799026489,Parc Jeanne-Mance (du Mont-Royal / du Parc),6223,33,610195.3187325017,5041341.840340172
221,45.51829,-73.59235,Villeneuve / du Parc,6224,15,609939.3953141035,5041492.119014956
222,45.520188,-73.590559,Villeneuve / St-Urbain,6225,19,610075.5727467398,5041705.434905088
223,45.575707,-73.561562,Hôpital Maisonneuve-Rosemont (Rosemont / Chatelain),6226,31,612229.6324779915,5047913.616930249
224,45.52027633320609,-73.59497621666378,Jeanne-Mance / Laurier,6227,23,609730.4230900079,5041709.201805895
225,45.52055948154798,-73.58582027256489,St-Dominique / du Mont-Royal,6229,19,610444.9332077046,5041753.213231146
226,45.5238561444472,-73.60012650489807,Waverly / St-Viateur,6230,0,609321.2594058051,5042099.881820342
227,45.523026476635074,-73.60184043645859,Jeanne-Mance / St-Viateur,6231,23,609189.0179015814,5042005.3757585455
228,45.527371996141,-73.60398352146149,Clark / Arcade,6234,0,609013.2594806076,5042485.23759342
229,45.52655700191558,-73.5982757806778,St-Dominique / St-Viateur,6235,31,609460.5496176413,5042402.460877516
230,45.53727946481992,-73.5791677236557,Laurier / de Bordeaux,6236,19,610931.6057160414,5043619.927551722
232,45.53200800170645,-73.58044445514679,Gilford / de Lanaudière,6237,15,610842.2826045651,5043032.5190718295
233,45.51666442219882,-73.57722043991089,St-Dominique / Napoléon,6903,0,611124.2309497446,5041332.350544374
234,45.54975479298636,-73.60556602478027,de Bordeaux / Jean-Talon,6924,15,608846.48165174,5044969.757576843
236,45.5057209331225,-73.62945914268494,Parc Kent (de Kent / Hudson),6240,27,607064.9632557651,5040045.592708237
237,45.51753998795678,-73.59783187508583,Querbes / Laurier,6241,15,609512.7099366704,5041401.303356768
239,45.520545179997015,-73.60820215362764,Bloomfield / Bernard,6243,0,608696.9812608473,5041721.078658328
241,45.522745298216094,-73.61328139901161,Bloomfield / Van Horne,6245,23,608296.0805182613,5041958.641083852
242,45.52085479492202,-73.61573964357376,St-Cyril / Wiseman,6246,23,608107.7253176033,5041745.298857854
243,45.53226461018495,-73.6110632121563,St-Dominique / St-Zotique,6247,31,608451.0118542317,5043019.203358175
244,45.518593,-73.581566,St-Dominique / Rachel,6248,23,610781.0429455015,5041540.604376176
245,45.53696,-73.61199,Bélanger / St-Denis,6249,23,608369.6261309973,5043539.596321139
246,45.53678525128436,-73.6148879583925,Marché Jean-Talon (Henri-Julien / Jean-Talon),6250,0,608143.7022646131,5043516.273590495
247,45.53429782539273,-73.61217230558395,de Gaspé / Dante,6251,23,608360.5063913154,5043243.589979079
248,45.53328465200231,-73.61546069383621,Mozart / St-Laurent,6252,15,608105.694004326,5043126.595235798
249,45.53900036432657,-73.6142510175705,Métro Jean-Talon (Berri / Jean-Talon),6253,19,608189.1829074525,5043763.224977397
250,45.54006,-73.60897,Boyer / Bélanger,6254,0,608599.4445640375,5043888.07980854
251,45.53848,-73.60556,Boyer / St-Zotique,6255,0,608868.7163052215,5043717.165817345
253,45.536434338630336,-73.60783427975548,de St-Vallier / St-Zotique,6257,19,608695.098046164,5043486.816092645
254,45.537087833013324,-73.59321847558022,Parc Père-Marquette (Chambord / Rosemont),6258,39,609834.969001141,5043579.314271279
255,45.541331760976774,-73.58387768268585,des Érables / Dandurand,6259,15,610555.9331510522,5044063.627744791
256,45.53923559055867,-73.58594566583633,Cartier / Dandurand,6260,23,610398.590378142,5043827.902292962
257,45.54433850465683,-73.58794391155243,Louis-Hémon / Rosemont,6261,19,610232.6085906127,5044392.075719066
258,45.53718135927993,-73.59750330448149,de la Roche /  de Bellechasse,6262,15,609500.2490548916,5043583.850229761
259,45.47117930747152,-73.6270022392273,de Hampton / de Monkland,6263,15,607322.4816868154,5036211.421937863
260,45.5425697477813,-73.59214425086974,Chabot / de Bellechasse,6264,15,609908.1560781408,5044189.810693798
261,45.53848842101396,-73.57776492834091,des Érables / Laurier,6265,15,611038.7486986399,5043756.179011731
262,45.546661109634606,-73.58868420124054,Louis-Hébert / de Bellechasse,6266,27,610170.2799995639,5044649.094504252
263,45.544375546398065,-73.59564453363419,Chabot / Beaubien,6267,15,609631.3871810037,5044385.642577065
264,45.539900246044354,-73.59936207532883,Chambord / Beaubien,6268,15,609349.8543479348,5043883.376961455
265,45.53636263222538,-73.55421245098114,de Rouen / Hogan,6269,15,612881.8185156032,5043552.863772799
266,45.543653916207866,-73.60126135876271,Fabre / St-Zotique,6270,19,609194.3070468854,5044297.813776803
267,45.640002860465096,-73.49011301994324,Place du Village (St-Jean-Baptiste / Notre-Dame),6271,15,617669.6505192855,5055159.241877145
268,45.546539011777845,-73.59866470098495,de Bordeaux / St-Zotique,6272,19,609391.4208146185,5044621.876649069
269,45.546779039476185,-73.60281676054001,Cartier / Bélanger,6273,23,609066.8384653014,5044642.891733944
270,45.53036486555959,-73.58439266681671,Christophe-Colomb / St-Joseph,6274,19,610537.2171832552,5042844.527015077
271,45.5446849701959,-73.61012041568756,Chambord / Jean-Talon,6275,15,608500.7321200063,5044400.345754967
272,45.541669595766315,-73.60760450363159,de la Roche / Bélanger,6276,23,608702.9478385771,5044068.750141948
273,45.55001,-73.59576,Louis-Hébert / St-Zotique,6278,15,609611.4197423125,5045011.458139596
274,45.55158518908433,-73.59916493296623,Louis-Hébert / Bélanger,6279,19,609342.5852556941,5045181.812389933
275,45.541899331528164,-73.59758377075194,Fabre / Beaubien,6904,19,609484.8078943652,5044107.894371343
276,45.54391953154915,-73.58424894533528,Fullum / Holt,6905,26,610521.8774091181,5044350.610798575
277,45.531921043052655,-73.59804779291153,Métro Rosemont (de St-Vallier / Rosemont),6906,19,609467.9454673888,5042998.701170769
278,45.53409866804061,-73.59553456306458,Boyer / Rosemont,6907,31,609659.9510722833,5043244.05958353
279,45.53341043363302,-73.60112428665161,de Bellechasse / de St-Vallier,6908,15,609224.8423031442,5043159.977325513
280,45.48390169543355,-73.56363236904144,Augustin-Cantin / Shearer,6921,31,612250.601495456,5037711.420906244
281,45.5246829812827,-73.5788968205452,Marie-Anne / St-Hubert,6926,19,610977.5316317367,5042220.86903488
282,45.50723,-73.615085,Édouard-Montpetit / de Stirling,6927,19,608184.9587998437,5040232.50900867
283,45.50116506773693,-73.62054750323296,McKenna / Édouard-Montpetit,6928,23,607769.821144404,5039551.370895697
284,45.527363,-73.607723,Waverly / Van Horne,6228,15,608721.2663780188,5042479.166884593
285,45.52497706918177,-73.6106863617897,Hutchison / Van Horne,6232,19,608494.4490617538,5042210.087930377
286,45.52428310031213,-73.6049484461546,Bernard / Jeanne-Mance,6233,0,608943.87331703,5042140.760530228
287,45.549868431421636,-73.64765658974648,Basile-Routhier / Chabanel,6917,15,605560.7819803315,5044926.152725828
288,45.5520234093726,-73.58171837870032,Bibliothèque et Complexe aquatique Rosemont (9e avenue / Rosemont),6919,15,610703.5156513093,5045254.418872353
289,45.537041,-73.602026,Boyer / Beaubien,6910,23,609147.4113843245,5043562.096522603
290,45.49047561880464,-73.56022328138351,des Bassins / du Séminaire,6086,31,612503.9273352748,5038446.528495854
291,45.49302901258371,-73.56481790542603,Notre-Dame / de la Montagne,6087,27,612139.8368754499,5038723.77646475
292,45.48998450498787,-73.56710570398717,Guy / Notre-Dame,6088,27,611967.1109445263,5038382.35123416
293,45.5481863712796,-73.592010140419,Louis-Hébert / Beaubien,6277,19,609907.6780239922,5044813.986569504
294,45.52361490311454,-73.59245739877223,St-Dominique / Laurier,6280,23,609920.635921839,5042083.552408294
297,45.47825420305296,-73.56960564851761,Métro Charlevoix (Centre / Charlevoix),10002,23,611794.9682470917,5037075.677126789
301,45.48805561667987,-73.56888815760612,Notre-Dame / Saint-Martin,6401,22,611831.6473004711,5038165.575831199
302,45.472781067977614,-73.5852724313736,Ste-Émilie / Sir-Georges-Etienne-Cartier,6402,0,610581.2134469948,5036445.952975081
303,45.485047979822774,-73.5719633102417,Georges-Vanier / Notre-Dame,6403,19,611597.285664036,5037827.162064963
304,45.485328993998365,-73.57692271471024,St-Jacques / Vinet,6404,19,611209.1695367662,5037851.5042799
305,45.4820980397155,-73.57487618923187,Duvernay / Charlevoix,6405,19,611375.4663071167,5037495.392494598
306,45.48020822800015,-73.57759863138199,Marché Atwater,6406,0,611166.4213652823,5037281.671019672
307,45.483788863965174,-73.5750612616539,Workman/ Vinet,6407,23,611357.6708983076,5037682.980141488
308,45.4891,-73.57656,Métro Georges-Vanier (St-Antoine / Canning),6408,17,611230.0909780317,5038270.95131089
309,45.51989655507833,-73.58010649681091,de l'Hotel-de-Ville / Rachel,6307,0,610892.4699679265,5041687.440139312
311,45.4568844514464,-73.57260704040527,4e avenue / de Verdun,6309,15,611602.560513252,5034697.412425015
312,45.50689914049937,-73.623526096344,de Soissons / de Darlington,6310,31,607526.200506324,5040184.41464713
313,45.4824297233159,-73.58367975812143,Bel Air / St-Antoine,6313,23,610686.8073341915,5037520.074418054
314,45.50144933057703,-73.63305062055588,de Kent / de la Côte-des-Neiges,6312,39,606792.4797223804,5039566.250123229
315,45.53488214147823,-73.60941231250763,Drolet / St-Zotique,6311,19,608574.8791395682,5043312.235525098
316,45.52932643090091,-73.57480645179749,de Lanaudière / Marie-Anne,6314,19,611287.7991659093,5042742.40510198
317,45.49602276227824,-73.62184492885717,Jean-Brillant / de la Côte-des-Neiges,6315,0,607678.2627813519,5038978.3383366745
318,45.48911308766352,-73.6470128595829,McLynn / Plamondon,6316,27,605724.7732345299,5038177.265899985
319,45.55358456339093,-73.56052905321121,Bourbonnière / du Mont-Royal,6383,23,612354.3240640447,5045457.310591989
320,45.53611005443118,-73.5762870311737,de Bordeaux / Gilford,6385,19,611158.8197263362,5043493.9947615
321,45.541374968866094,-73.5542231798172,Métro Préfontaine (Moreau / Hochelaga),6386,30,612870.9498062445,5044109.705439378
322,45.54690718297082,-73.5515570640564,Métro Joliette  (Joliette / Hochelaga),6387,19,613067.9982326296,5044728.072678422
323,45.55061693669672,-73.54901432991028,d'Orléans / Hochelaga,6388,19,613259.035518362,5045143.802488873
324,45.54152678327907,-73.61248868051915,Boyer / Jean-Talon,6389,23,608321.9205504942,5044046.280404799
325,45.544306576612755,-73.54551016355799,Aylwin / Ontario,6391,23,613545.2646194886,5044447.689845343
327,45.54095791741757,-73.54702949523926,Dézéry / Ontario,6393,23,613433.3932719068,5044073.514345959
328,45.54814504700217,-73.5471260547638,Parc Lalancette (de Rouen / Valois),6394,0,613411.3994488266,5044871.848822817
329,45.563084167155345,-73.5481941328544,Métro Viau (Viau / Pierre-de-Coubertin),6395,55,613297.9948982305,5046530.039371248
330,45.55321884238814,-73.53978216648102,Marché Maisonneuve,6397,22,613974.4038753468,5045445.939675391
331,45.55118417872238,-73.54087114334106,Desjardins / Ontario,6398,23,613893.5167589877,5045218.347466755
332,45.53968044327973,-73.63450437784195,Guizot / St-Laurent,6323,19,606606.6679283577,5043811.678771441
333,45.539890852781404,-73.62026989459991,Faillon / St-Denis,6327,23,607717.5737454671,5043854.060260668
334,45.54095134225734,-73.62637460231781,Drolet / Gounod,6329,23,607238.9553350442,5043963.702792645
335,45.540780049797995,-73.63040059804916,de Gaspé / Jarry,6330,23,606924.9715782389,5043939.30116174
336,45.543423548290185,-73.63246187567711,Guizot / St-Denis,6331,23,606759.0434079238,5044230.242814276
337,45.54248521237199,-73.63634169101715,de Gaspé / de Liège,6332,15,606457.9317311671,5044120.842404313
338,45.54721107501036,-73.63105237483978,Leman / de Chateaubriand,6333,15,606861.9002546034,5044652.903198776
339,45.54355974189168,-73.62777203321457,Métro Jarry (Lajeunesse / Jarry),6334,19,607124.9035003671,5044251.622866352
340,45.54481928225348,-73.6215104162693,du Rosaire / St-Hubert,6335,23,607611.3202286193,5044399.931596023
341,45.54310243053054,-73.61607524188003,Boyer / Everett,6336,15,608038.9029470792,5044216.496215651
342,45.545841561840085,-73.62665355205536,de Chateaubriand / Jarry,6338,15,607207.8808944706,5044506.620699581
343,45.474565185029945,-73.62403571605682,Harvard / de Monkland,6339,19,607547.9224943519,5036591.546046613
344,45.544867,-73.614841,de la Roche / Everett,6340,11,608131.8726615672,5044414.19752075
345,45.467369,-73.570769,Regina / de Verdun,6341,23,611725.5549900653,5035864.756065607
346,45.550681320460136,-73.61533787112421,Marquette / Villeray,6343,15,608081.9390658035,5045059.484358741
348,45.54969542033443,-73.55464696884155,Nicolet / Sherbrooke,6346,27,612821.2164535533,5045033.489713985
349,45.559199,-73.599658,Métro St-Michel (Shaughnessy / St-Michel),6347,15,609289.3364224604,5046027.016604389
350,45.4757434,-73.5646007,Ryde / Charlevoix,6349,27,612191.1208667936,5036803.713011518
351,45.48059248038378,-73.56577813625336,de Laprairie / Centre,6350,23,612089.4758625552,5037340.783693343
355,45.538737949470644,-73.62802147865295,St-Dominique / Gounod,6322,15,607114.5875819097,5043715.601618645
356,45.545580534390176,-73.63490000367165,Lajeunesse / de Liège,6324,15,606564.6315525479,5044466.637986877
357,45.53888723230076,-73.62390697002411,de Gaspé / Villeray,6328,15,607435.5345187351,5043737.685836155
358,45.471743,-73.613924,Marcil / Sherbrooke,6354,23,608343.6791557134,5036291.596518512
359,45.55626186680846,-73.53744059801102,Ontario / Sicard,6355,23,614151.0073148995,5045787.340790701
360,45.47710675189806,-73.6214379966259,de Monkland / Girouard,6356,15,607746.1199596599,5036877.384599347
361,45.5568667309625,-73.589306473732,12e avenue / St-Zotique,6357,23,610101.7714290395,5045782.059473569
362,45.551937362101,-73.59392791986465,1ère  avenue / St-Zotique,6358,15,609750.6747814462,5045228.087392282
363,45.50993151446477,-73.56380671262741,St-Catherine / St-Laurent,6359,27,612185.2670525734,5040602.99852693
364,45.553456845975276,-73.58784198760986,Beaubien / 8e avenue,6360,15,610222.7384235648,5045405.240193401
365,45.54968589617967,-73.59115451574326,Molson / Beaubien,6361,23,609971.5430648131,5044981.752183891
366,45.54779995287998,-73.58486741781235,1ère avenue / Rosemont,6362,15,610465.9939457376,5044780.86394377
367,45.468926984877434,-73.6198702454567,de la Côte St-Antoine / Royal,6363,19,607884.2609733205,5035970.748115499
368,45.54991069359101,-73.55826258659361,de Chambly / Rachel,6364,23,612538.5603015532,5045052.328991909
370,45.51014162409143,-73.6247518658638,Wilderton  / Van Horne,6366,19,607424.278027967,5040543.003470965
371,45.54800352985515,-73.58138993382454,3e avenue / Holt,6367,19,610737.0473790094,5044808.273625049
372,45.55037651450808,-73.57373356819151,10e avenue / Masson,6368,0,611330.0172578472,5045082.499929009
373,45.45750908083069,-73.6394852399826,U. Concordia - Campus Loyola (Sherbrooke / West Broadway),6369,27,606372.4421325991,5034676.118809551
374,45.557192,-73.569847,d'Orléans / Masson,6370,19,611619.8941686112,5045845.082987811
375,45.54752382909683,-73.57513636350632,5e avenue / Masson,6371,23,611226.1470892392,5044763.628630235
376,45.5451997,-73.57645065,Parc du Pélican (1ère avenue / Masson),6372,39,611128.1333360572,5044503.603161905
377,45.54710817336986,-73.56936693191528,7e avenue / St-Joseph Rosemont,6373,27,611677.335740998,5044725.463080922
378,45.55389801568004,-73.5713866353035,15e avenue / Masson,6374,23,611506.2456444183,5045476.988655449
379,45.47729315148685,-73.58732163906097,Métro Place St-Henri (St-Ferdinand / St-Jacques),6375,23,610412.2256670159,5036944.40972967
380,45.55293611277267,-73.56577143073082,16e avenue / St-Joseph,6376,23,611946.4325352386,5045377.942200376
381,45.47930107352825,-73.56629446148872,de Châteauguay / Ropery,6377,23,612051.6836162602,5037196.593103736
383,45.4632535358533,-73.57587933540344,de l'Église / Bannantyne,6379,15,611334.1745304129,5035400.452494896
384,45.551584,-73.561916,Parc J.-Arthur-Champagne (de Chambly / du Mont-Royal),6380,23,612250.0530915805,5045233.111906675
385,45.5457759528664,-73.56217458844185,Omer-Lavallée / du Midway,6381,18,612241.4304580999,5044587.491129484
387,45.54539579902699,-73.5565418866463,Rivier / Sherbrooke,6384,23,612681.8959036341,5044553.150552752
388,45.554373399819674,-73.55137467384337,Métro Pie-IX (Pierre-de-Coubertin / Desjardins),6396,31,613067.2614573803,5045557.807333244
389,45.51825588419192,-73.60320568084717,Bloomfied / Elmwood,6301,15,609091.6204984443,5041473.521622717
390,45.52079584115535,-73.6032706975675,Durocher / St-Viateur,6302,15,609081.6336296555,5041755.614689471
391,45.514918954061876,-73.61968517303467,Parc Pratt (Dunlop / Van Horne),6303,15,607810.926074133,5041080.540115541
392,45.515617,-73.614991,Parc Joyce (Rockland / Lajoie),6304,15,608176.2304729102,5041164.404372761
393,45.514379,-73.610871,Davaar / de la Côte-Ste-Catherine,6305,15,608500.4018131742,5041032.425444203
394,45.510200304274754,-73.6114051938057,Métro Édouard-Montpetit (du Mont-Royal / Vincent-d'Indy),6306,26,608466.7059134962,5040567.464032933
396,45.53613488953656,-73.62258464097977,Gary-Carter / St-Laurent,6321,38,607544.0197127368,5043433.678942733
397,45.53520398241678,-73.6175217570053,St-Dominique / Jean-Talon,6344,35,607941.0928698038,5043337.053733029
399,45.486346321757786,-73.57352435588837,Lionel-Groulx / George-Vanier,6409,27,611472.7331975575,5037969.23567533
400,45.56933906192115,-73.70472729206085,11e avenue / du Souvenir,9001,15,601071.068656201,5047015.8071189355
401,45.514524730294404,-73.56835573911665,de l'Hôtel-de-Ville / Sherbrooke,6021,27,611820.832289309,5041106.944678057
403,45.52311432992147,-73.61815363168716,Campus MIL (Outremont / Thérèse-Lavoie Roux),6066,23,607914.8780572406,5041993.078709818
404,45.51258740220925,-73.57373893260956,Prince-Arthur / St-Urbain,6218,0,611404.193999246,5040884.230982099
406,45.51252079509179,-73.53200376033783,Parc Jean-Drapeau (Chemin Macdonald),6501,47,614664.2210575236,5040935.58229135
407,45.5063732,-73.52457672,Casino de Montréal,6502,19,615256.889191257,5040263.237724703
408,45.53035130173597,-73.6243924498558,Métro Parc  (Hutchison / Ogilvy),6503,33,607413.8839451815,5042788.717964982
409,45.52156536710626,-73.53533238172531,La Ronde,6504,23,614385.8952387562,5041935.657556893
413,45.46991202213883,-73.61735232174397,de Melrose / Sherbrooke,6415,15,608079.2026708245,5036083.565340191
414,45.55465888075087,-73.54660302400589,Letourneux / Hochelaga,6417,15,613439.1195730786,5045596.258528157
415,45.49810026070624,-73.65294188261032,Paré / Mountain Sights,6418,15,605244.7262715176,5039167.923032783
417,45.54124722370603,-73.59104454517365,Cartier / Rosemont,6421,19,609996.5867748422,5044044.388409549
418,45.477384955188235,-73.61527817789465,Notre-Dame-de-Grâce / Décarie,6416,15,608227.0270837918,5036916.570782452
419,45.491513,-73.633649,Beaucourt / de la Côte-Ste-Catherine,6419,23,606764.5103289274,5038461.562858588
421,45.50229349416256,-73.5733064264059,de Maisonneuve / Mansfield SE,6423,23,611458.2944431053,5039741.212147249
422,45.48542414888848,-73.62816195935011,Métro Snowdon (de Westbury / Queen-Mary),6420,27,607204.8096814908,5037792.4211865375
423,45.55702223161539,-73.6599015713,Péloquin / Fleury,6422,15,604591.6971227486,5045704.888063871
424,45.54640752148169,-73.63842844963074,Métro Crémazie (Crémazie / Lajeunesse),6410,15,606287.6304540813,5044553.83490347
425,45.53039449604383,-73.70393217686795,Louisbourg / O'brien,6412,23,601202.9904622758,5042690.162826988
426,45.50373771539475,-73.56948494911194,Ste-Catherine / Union,6413,34,611753.9826427619,5039906.970890629
427,45.48013378575666,-73.58590811491013,Parc St-Henri (Laporte / Guay),6414,15,610517.1492020586,5037261.936748676
428,45.462846046287325,-73.56592163443565,Métro de l'Église (Ross / de l'Église),6425,15,612113.4480151907,5035369.025338756
429,45.459487694540734,-73.57209205627441,Métro Verdun (Willibrord / de Verdun),6426,27,611637.68689626,5034987.336942152
430,45.47069642604657,-73.56542240828276,Métro Lasalle (de Rushbrooke / Caisse),6427,23,612136.9068800738,5036241.867121438
431,45.46714,-73.54259,Place du Commerce,6429,33,613928.8124534882,5035878.879595493
432,45.513342512307055,-73.57301607728004,Clark / Prince-Arthur,6411,31,611459.1646401334,5040969.124429383
433,45.45998577640931,-73.54395568370819,Berlioz / de l'Île des Soeurs,6428,23,613836.4548933918,5035082.13973106
437,45.522544455627866,-73.59346926212311,Clark / Laurier,6281,15,609843.6992407916,5041963.243998479
438,45.48697062,-73.58929306,de Maisonneuve / Greene,6432,19,610239.264957394,5038016.832694992
439,45.48282602624293,-73.59084337949753,Hillside / Ste-Catherine,6433,15,610126.1928234065,5037554.257438485
440,45.47742856483265,-73.60016942024231,Victoria / de Maisonneuve,6434,15,609407.8087320533,5036941.878342059
441,45.48129146961133,-73.6003303527832,Victoria Hall,6435,15,609387.7542457742,5037370.813188083
442,45.48624101696415,-73.59572768211365,de la Côte St-Antoine / Argyle,6436,19,609737.8518559588,5037926.966474834
443,45.53368199320325,-73.51526074111462,St-Charles / Montarville,5002,15,615928.5232834988,5043310.571937213
444,45.52841043752244,-73.51716578006744,Place Longueuil,5003,15,615790.5971807146,5042722.167907863
445,45.539824,-73.508752,St-Charles / Grant,5004,11,616424.0460629718,5044002.352615477
446,45.53527504835821,-73.51361989974976,St-Charles / Labonté,5005,5,616053.3623125978,5043489.926953065
447,45.53722603812578,-73.49506705999374,Collège Édouard-Montpetit (de Gentilly / de Normandie),5006,19,617497.8583293769,5043733.669233672
448,45.52331869398737,-73.52012693881989,Métro Longueuil - Université de Sherbrooke,5007,35,615569.7970418956,5042152.223574379
452,45.53147464147482,-73.59242051839828,Parc Ludger-Duvernay (St-André / St-Hubert),6929,19,609908.2053181859,5042956.796745706
453,45.55984236120471,-73.61544728279114,Cité des Arts du Cirque (Paul Boutet / des Regrattiers),6930,34,608055.8367749753,5046077.106553326
454,45.55078357889704,-73.53409996037954,Letourneux / Ste-Catherine,6700,19,614422.8580704218,5045183.474894546
455,45.50104945092413,-73.57720971107483,Stanley / Sherbrooke,6701,23,611155.8056878141,5039597.593504344
456,45.569789,-73.548081,Métro Assomption (Chauveau / de l'Assomption),6702,27,613293.3420397678,5047275.090898995
457,45.554946972033726,-73.55529472231865,Jardin Botanique (Pie-IX / Sherbrooke),6703,24,612760.1499420474,5045616.013391894
458,45.56168275734862,-73.58564794063568,19e avenue / St-Zotique,6704,27,610377.8795562354,5046322.135455446
459,45.456365,-73.57614,5e avenue / Bannantyne,6705,15,611327.3546748026,5034634.80396406
460,45.450729976972944,-73.5725748538971,Beatty / de Verdun,6706,23,611617.2195159841,5034013.721502392
461,45.45608545783109,-73.58193710446358,Métro Jolicoeur (de Sève / Drake),6707,19,610874.6456859424,5034595.734737437
462,45.507096455662456,-73.56844156980515,de Bleury / de Maisonneuve,6708,21,611828.8409595918,5040281.568085569
463,45.461741021347436,-73.58412176370621,Parc St-Paul (Le Caron / Marc-Sauvalle),6709,23,610692.7645490014,5035221.032720517
464,45.55982811984724,-73.65832507610321,Chambord / Fleury,6710,14,604709.5260299253,5046018.671959081
465,45.5315236502754,-73.61701235175133,Mozart / Waverly,6711,15,607987.9107388805,5042928.864342116
466,45.43791516514076,-73.58253550531117,LaSalle / Crawford,6712,15,610863.4530269778,5032576.270293181
467,45.56776565172907,-73.57968807220459,29e avenue / St-Zotique,6713,15,610831.0293711054,5047006.147956122
468,45.4157471675921,-73.63751649856567,LaSalle / 80e avenue,6714,23,606604.9893253234,5030039.168871315
469,45.4443505862464,-73.57542979723802,Natatorium (LaSalle / Rolland),6715,27,611406.5381252307,5033301.039015379
470,45.56387237463668,-73.6555677652359,Francis / Fleury,6716,19,604917.187485142,5046471.581693306
471,45.49530079236066,-73.63949386417517,Métro Plamondon (Carlton / Victoria),6717,19,606300.6756857133,5038874.621310022
472,45.46670033299904,-73.62355081379064,Grand Boulevard / Sherbrooke,6718,19,607600.790213918,5035718.441286281
473,45.46072936353252,-73.63407254219055,Park Row O / Sherbrooke,6719,15,606789.5549329483,5035041.056578254
474,45.5594818,-73.535496,Ontario / Viau,6720,19,614296.2506554109,5046147.835943808
475,45.57683333463968,-73.54647415224463,Métro Cadillac (Cadillac / Sherbrooke),6721,19,613404.5423337088,5048059.972055886
476,45.575812361972055,-73.54123055934906,Du Quesne / de Marseille,6722,11,613815.7103913139,5047953.971327678
477,45.56485589064712,-73.5774926841259,26e avenue / Beaubien,6723,15,611008.0733547155,5046685.915442074
478,45.472051276471305,-73.5827162861824,Léa-Roback / Sir-Georges-Etienne-Cartier,6724,34,610782.4422448691,5036368.397003254
479,45.451030919298056,-73.5939010977745,Métro Monk (Allard / Beaulieu),6725,15,609949.0381850637,5034017.762899877
480,45.56076192837154,-73.6505614221096,Hamel / Sauvé,6726,23,605313.6848662131,5046132.577278441
481,45.484966061164755,-73.56032252311707,Richardson / Montmorency,6727,31,612507.1424943366,5037834.298000012
482,45.52687028194893,-73.62672328948975,d'Outremont / Ogilvy,6728,19,607238.4974733884,5042398.870478272
483,45.516297540849614,-73.55801045894623,St-André / Ste-Catherine,6729,15,612625.3267580064,5041318.3576314105
484,45.570081,-73.573047,35e avenue / Beaubien,6730,31,611344.6737301814,5047272.574627482
485,45.547172039327485,-73.61815631389618,de Normanville / Villeray,6733,23,607868.6554324953,5044665.819804295
486,45.477923,-73.559038,Fortune / Wellington,6732,27,612621.5585468923,5037053.640489235
487,45.563709940264175,-73.57139468193054,27e avenue / Rosemont,6731,19,611486.2078986195,5046567.058919451
489,45.54218173507584,-73.62268656492233,Lajeunesse / Villeray,6734,15,607524.5336922596,5044105.330599387
490,45.55675103297278,-73.66716161370277,Métro Henri-Bourassa (Henri-Bourassa / Millen),6736,16,604025.569314965,5045665.32053089
491,45.552123,-73.630103,Jacques-Casault / Christophe-Colomb,6737,19,606926.6937733027,5045199.870415342
492,45.55873962047568,-73.60589044634253,6e avenue / Villeray,6735,15,608803.8152508656,5045967.510027657
493,45.50235036136798,-73.56658279895781,Union / René-Lévesque,6738,31,611983.4532255514,5039756.883177906
495,45.580314546424674,-73.5353136062622,Pierre-de-Coubertin / Langelier,6739,19,614268.2252419185,5048462.567842735
496,45.486318644010225,-73.5702332854271,Canning / Notre-Dame,6741,23,611729.9696293107,5037970.732853942
497,45.46339729163665,-73.59643578529356,St-Patrick / Briand,6742,17,609726.8487819092,5035388.150706008
498,45.49444855920154,-73.58337610960007,St-Marc / Sherbrooke,6743,15,610686.990505676,5038855.74146205
499,45.45670282849069,-73.59764268636354,Hamilton / Jolicoeur,6744,15,609645.4740022523,5034642.776649912
500,45.52793853319181,-73.62374067306519,Jean-Talon / de l'Épée,6745,19,607469.3731310676,5042521.53868478
501,45.52357479400008,-73.62344294786453,Métro Acadie (de l'Acadie / Beaumont),6746,13,607500.9346928697,5042037.138733697
502,45.53050525974957,-73.61470833420753,Waverly / St-Zotique,6747,19,608169.7673976244,5042818.826193994
503,45.49282530947313,-73.55797827243805,Young / Wellington,6748,27,612674.66508398,5038710.717373083
504,45.50644464920572,-73.55648696422577,St-Jacques / St-Laurent,6749,23,612763.995612882,5040225.871673356
505,45.52910695379893,-73.58480304479599,de Mentana / Gilford,6750,19,610507.6368348995,5042704.211653192
508,45.52605851018324,-73.61296892166138,Hutchison / Beaubien,6752,26,608314.1239045475,5042327.150616682
509,45.53007509225256,-73.60150516033173,cyclo,7000,2,609201.5593636876,5042788.912216037
511,45.57414703721992,-73.57462137937546,Centre ÉPIC (St-Zotique / 40e avenue),6753,23,611213.7988934757,5047722.118599838
512,45.45760820718457,-73.59051011502743,Dubois / Eadie,6754,23,610201.3795738103,5034753.115292898
514,45.52995941738481,-73.6329460144043,Bloomfield / Ball,7001,15,606746.7251459593,5042733.770814823
515,45.54407915308118,-73.66735741496086,Tolhurst / Fleury,7002,19,604033.6667933138,5044257.251965218
516,45.49497512853125,-73.57777043248461,Guy / Sainte-Catherine,7003,31,611123.9491916483,5038921.981588059
517,45.54983321292286,-73.64063255488873,Émile-Journault / de Chateaubriand,7004,31,606109.1262678078,5044931.503775667
518,45.56735205736566,-73.65378744900227,Marquette / Fleury,7005,15,605049.6328051847,5046860.49656187
519,45.54758205939525,-73.66522908210754,Clark / Fleury,7006,19,604193.343444154,5044649.177070059
520,45.51293324107222,-73.63389015197754,Kirkfield / de Chambois,7007,27,606705.1881715286,5040840.958936831
521,45.54758153109644,-73.61220851540565,Everett / Garnier,7008,15,608332.160582184,5044719.325259887
522,45.51999897796297,-73.5548883676529,Panet / Ste-Catherine,7009,19,612861.7725839292,5041733.959796684
523,45.481845071377414,-73.63037377595901,Earnscliffe / Queen-Mary,7010,23,607038.742518163,5037391.849764402
524,45.51888453178292,-73.55593845248222,Métro Beaudry (Beaudry / Ste-Catherine),7011,27,612781.9892130927,5041608.6726851575
525,45.5150280816668,-73.55635821819305,St-Christophe / René-Lévesque,7012,19,612756.9088786272,5041179.643700267
526,45.4648769981855,-73.62659722566605,Benny / Sherbrooke,7013,19,607366.1064281098,5035511.801643717
527,45.50363996257211,-73.6182689666748,Métro Université de Montréal (Édouard-Montpetit / Louis-Collin),7014,26,607943.1009600828,5039829.383357948
528,45.42947143740888,-73.59309915918857,Parc des Rapides (LaSalle / 6e avenue),7015,23,610053.6591608492,5031623.699574076
529,45.58284663189181,-73.54247644543648,Métro Langelier (Langelier / Sherbrooke),7016,19,613704.3027672485,5048733.697275651
530,45.55304176236985,-73.53244632482529,Bennett / Ste-Catherine,7017,19,614547.3460106321,5045436.712664947
531,45.54522973039872,-73.53725016117096,Valois / Ste-Catherine,7018,19,614188.2128085177,5044561.969627868
532,45.52751292628879,-73.59879076480864,Casgrain / St-Viateur,7019,23,609418.480988781,5042507.959202693
533,45.543652466151,-73.5534825682771,St-Germain / Hochelaga,7020,15,612924.2081884507,5044363.77109027
534,45.51915286772737,-73.61646920442581,Dollard / Van Horne,7021,19,608054.0066414376,5041555.237835552
535,45.52222528598142,-73.60668718814848,Durocher / Bernard,7022,15,608812.057721725,5041909.785496892
536,45.53318929909303,-73.64188581705093,Parc Howard (de l'Épée / de Liège),7023,15,606042.5898079515,5043080.752502368
537,45.52723106564012,-73.58672618865965,Métro Laurier (Berri / St-Joseph),7024,18,610361.1350202468,5042493.16032864
538,45.532330645908054,-73.62018674612045,Alexandra / Jean-Talon,7042,15,607738.5040079921,5043014.2537239995
539,45.52793332015246,-73.60122251338906,St-Dominique / Bernard,7025,23,609227.7759593796,5042551.352098829
540,45.527041096087785,-73.59347056655677,Maguire / Henri-Julien,7026,19,609834.8448920507,5042462.8055348825
541,45.53650541861215,-73.56803923845291,Fullum / Marie-Anne,7027,15,611801.9942762812,5043549.374136793
542,45.527672646696104,-73.59738260507582,de Gaspé / St-Viateur,7028,19,609528.1318142908,5042527.62397848
543,45.5380207402854,-73.58352363109587,Cartier / Masson,7029,19,610590.0656734657,5043696.270133063
544,45.533078445261296,-73.57266068458557,Cartier / Marie-Anne,7030,11,611447.9411399687,5043162.220096093
545,45.52275023118295,-73.57724860310555,Berri / Rachel,7031,15,611110.049975738,5042008.426115118
546,45.52574657625029,-73.59033644199371,Henri-Julien / Laurier,7032,27,610082.110931332,5042323.281077572
547,45.508566869474386,-73.57769787311554,Aylmer / Prince-Arthur,7033,19,611102.876745201,5040432.077877136
548,45.480495143306044,-73.57782661914825,Atwater / Greene,7034,25,611148.0390096352,5037313.230780011
549,45.53922374455291,-73.57383679656778,Fullum / Gilford,7035,15,611343.9786521775,5043843.313383504
550,45.5198946757576,-73.59682738780975,Labadie / du Parc,7036,15,609586.5906982577,5041664.272447348
551,45.507076248365834,-73.57228517532349,Durocher / Sherbrooke,7037,23,611528.6315133426,5040273.977840296
552,45.514107949601446,-73.57523024082184,Guilbault / Clark,7038,19,611284.7119456868,5041051.090946108
553,45.54355786336148,-73.56780052185059,du Mont-Royal / Augustin-Frigon,7039,19,611806.6507478292,5044333.214043476
554,45.52954744851231,-73.61071854829788,St-Urbain / Beaubien,7040,15,608483.1483063963,5042717.8001930285
555,45.470535000953966,-73.63165721297264,Grand Boulevard / de Terrebonne,7041,31,606959.8384523295,5036133.635371966
556,45.549713734001415,-73.56384828686714,Ernest-Gendreau / du Mont-Royal,7043,23,612102.9471956161,5045022.628884353
557,45.56493679334249,-73.5555911064148,Parc Maisonneuve (Viau / Sherbrooke),7044,23,612717.0363726909,5046725.4423371395
559,45.502386079583346,-73.57333794236183,de Maisonneuve / Mansfield (nord),7046,19,611455.6495922646,5039751.454332827
560,45.49419955357054,-73.55998456478119,Peel / Ottawa,7047,27,612515.1636348298,5038860.578576709
561,45.44705915105563,-73.60229507088661,Métro Angrignon (Lamont /  des Trinitaires),7048,27,609300.3507362246,5033565.069569061
562,45.501863463435576,-73.5439610481262,Parc de Dieppe,7049,35,613751.7163853779,5039734.582762507
563,45.48972725318433,-73.56406286358833,Ottawa / William,7050,15,612205.3901999696,5038358.01735255
564,45.450020323797766,-73.60030621290207,Jogues / Allard,7051,19,609450.1505691145,5033896.748985245
565,45.4828250990486,-73.56206325352105,Shearer / Centre,7052,15,612375.3666204314,5037594.008773816
566,45.48097552629275,-73.56863468885422,Ropery / Augustin-Cantin,7053,23,611865.4687856163,5037379.357205803
567,45.467665653865964,-73.59391784324544,de la Côte St-Paul / St-Ambroise,7054,35,609915.3971062235,5035865.789323803
568,45.48026417718717,-73.58099363744259,Rose-de-Lima / Workman,7055,27,610900.9789552218,5037283.19478665
569,45.44826204820947,-73.57785612344742,Bibliothèque de Verdun (Brown / Bannantyne),7056,15,611209.1036433518,5033732.225511139
570,45.45791007701367,-73.56774741414483,2e avenue / Wellington,7057,19,611980.4850374334,5034818.114393704
571,45.46107768438817,-73.56747972971789,Gordon / Wellington,7058,15,611995.1413825813,5035170.39524693
572,45.45301583620112,-73.57191503047943,Argyle / de Verdun,7059,23,611664.3023028098,5034268.586971146
573,45.46300108733155,-73.57156895217486,de l'Église / de Verdun,7060,19,611671.6469316657,5035378.386980489
574,45.54043190217008,-73.61650675535202,de Castelnau / Lajeunesse,7061,15,608010.3304649355,5043919.226804617
575,45.49716534003792,-73.55933010578154,William / Robert-Bourassa,7062,21,612560.3894674602,5039190.983907445
576,45.54195463236575,-73.62994194030762,Drolet / Jarry,7063,19,606958.5513875958,5044070.40531514
577,45.5399716347916,-73.638114631176,Clark / de Liège,7064,19,606324.2610291189,5043839.2403861545
578,45.54365085053057,-73.60565051436424,de Lanaudière / Bélanger,7065,23,608851.669150491,5044291.51068918
579,45.50707812811467,-73.56139540672302,St-Urbain / de la Gauchetière,7066,43,612379.2996520451,5040289.368353759
580,45.50625103256782,-73.57139065861702,City Councillors / du President-Kennedy,7067,31,611600.1390878768,5040183.541835603
581,45.48752158511353,-73.56500297784805,Richmond / des Bassins,7068,31,612136.3064914721,5038111.662972924
582,45.5063713381299,-73.5642009973526,Jeanne-Mance / René-Lévesque,7069,58,612161.5403492625,5040206.923973596
583,45.47993042065731,-73.55592101812363,Bourgeoys / Favard,7070,15,612861.1638328102,5037281.031102105
584,45.495789104811756,-73.58259558677672,St-Mathieu / Sherbrooke,7071,23,610745.3478192494,5039005.747221851
585,45.52303493310712,-73.56539458036421,Beaudry / Sherbrooke,7072,27,612035.2237671514,5042056.529755385
586,45.5231943285584,-73.55584256350994,Logan / de Champlain,7073,19,612780.8654173985,5042087.612503999
587,45.518128086513194,-73.56185138225555,St-André / Robin,7074,15,612321.6931464609,5041516.3449662905
588,45.57627820285533,-73.58353972434998,Michelet / Jean-Talon,7075,19,610513.7750859455,5047946.560154413
589,45.49122961531575,-73.58078241348267,Tupper / du Fort,7076,19,610895.9651726708,5038501.705826113
590,45.526499983000186,-73.54575277422555,Jean Langlois / Fullum,7077,31,613562.1677425554,5042469.084510062
591,45.53578772547294,-73.5579514503479,du Havre / Hochelaga,7078,23,612591.0396705559,5043483.741566792
592,45.50002580878596,-73.5601931065321,Notre-Dame / Gauvin,7079,19,612487.265981565,5039507.562908657
593,45.505102242483595,-73.57187882065773,du President-Kennedy / Union,7080,23,611564.2746113945,5040055.236831269
594,45.51613214980722,-73.56049686670303,St-Hubert / de Maisonneuve (nord),7081,23,612431.4581684958,5041296.498513587
595,45.54959767887176,-73.54187428951263,Jeanne-d'Arc / Ontario,4000,19,613818.418435805,5045040.668064335
605,45.52022241072457,-73.62985610961914,Graham / Brookfield,4001,23,607006.4624951867,5041656.1316544665
606,45.51693654712809,-73.64048302173615,Graham / Wicksteed,4002,19,606182.6982857396,5041276.973780406
607,45.48295816149219,-73.57975836854166,Métro Lionel-Groulx (St-Jacques / Atwater),7082,19,610992.2289342321,5037584.192102133
608,45.50277615861811,-73.57589408755302,McTavish / Sherbrooke,7084,46,611255.1871100243,5039791.246535255
609,45.515604257816335,-73.57213497161865,Parc de Bullion (de Bullion / Prince-Arthur),7083,19,611523.517615053,5041221.6205790695
610,45.50022226680107,-73.57110500335693,Metcalfe / du Square-Dorchester,7085,31,611634.3707431767,5039514.163475171
611,45.50764392965887,-73.56932401657104,Place des Festivals ( du Président-Kennedy / de Bleury),7086,27,611758.8236228126,5040341.1621398935
612,45.64141535746634,-73.4999567270279,St-Jean-Baptiste / René-Lévesque,7087,15,616899.5689011324,5055301.758970831
613,45.65140583915357,-73.50041270256041,Aréna Rodrigue-Gilbert (du Tricentenaire / de Montigny),7088,15,616843.2578721748,5056411.027769345
614,45.64954588445726,-73.49191546440125,du Tricentenaire / Prince-Albert,7089,15,617509.2236862455,5056216.817732596
617,45.570624722078364,-73.6517858505249,de St-Firmin / Fleury,7090,31,605199.7134083944,5047226.705627307
618,45.5762948651025,-73.646759390831,Parc des Hirondelles (Fleury / André-Jobin),7091,19,605581.2940769013,5047863.250949487
619,45.53972553109637,-73.67716491222382,Gare Bois-de-Boulogne,7092,31,603276.0121523883,5043760.909443123
620,45.539806548176045,-73.6872661113739,Laforest / Dudemaine,7093,23,602487.2493422074,5043756.9622525135
621,45.53308032414161,-73.6945965886116,Alfred Laliberté / de Poutrincourt,7094,19,601927.1019669392,5043000.362652563
622,45.540105018786974,-73.65347027778625,Chabanel / Tolhurst,7095,15,605125.1798604518,5043833.831503807
623,45.53830765459552,-73.6548838019371,Chabanel / du Parc,7096,30,605018.1711995566,5043632.29869011
624,45.59722114932571,-73.56279015541077,Bélanger / des Galeries d'Anjou,7097,23,612090.9742393738,5050302.080696395
625,45.47629426230192,-73.60617488622665,Grey / Sherbrooke,7099,15,608940.6216722165,5036807.701544537
626,45.504027213143104,-73.56970220804214,Union / Ste-Catherine,7098,7,611736.4372948555,5039938.830804872
627,45.49404432109336,-73.65449488162994,des Jockeys / Décarie,7100,19,605130.9401546238,5038715.288427021
628,45.500450948002225,-73.66142839193344,Métro de la Savane (de Sorel / Bougainville),7101,23,604577.3306310605,5039417.991195987
629,45.514080696641386,-73.64694982767105,Graham / Kindersley,7102,23,605682.9677401567,5040951.165999219
630,45.431518914135125,-73.67110446095467,St-Joseph / 8e avenue Lachine,7103,31,603948.0148270755,5031747.365422771
631,45.43498715540587,-73.67079868912697,8e avenue / Notre-Dame Lachine,7104,23,603965.5632931708,5032133.066328579
632,45.432839840726125,-73.69349151849747,Parc St-Louis (St-Joseph / 34e avenue),7105,27,602194.4885416608,5031865.418068721
633,45.43579350588776,-73.6801904439926,Victoria / 18e avenue Lachine,7106,15,603229.5038222249,5032210.547477597
634,45.43352120253739,-73.68354320526123,St-Joseph Lachine / 21e avenue,7107,19,602971.3998317334,5031953.805958489
635,45.422451407155854,-73.601194024086,Gagne / LaSalle,7108,23,609434.012540925,5030832.760940779
636,45.429166968311485,-73.66280972957611,Mairie d'arrondissement LaSalle (Dupras / Jeannette),7109,19,604601.1834473608,5031496.831427502
637,45.41631023854958,-73.61291594803333,LaSalle / 37e avenue,7110,23,608528.730021122,5030134.623497551
638,45.42612352042827,-73.65741580724716,Parc Highlands (Highlands / LaSalle),7111,27,605028.7648435574,5031165.749262311
639,45.44404309237571,-73.61375212669373,Newman / Senkus,7112,19,608410.1908690655,5033214.48493058
640,45.525762548812956,-73.59485328197479,Casgrain / Maguire,7113,15,609729.3562813846,5042318.871823083
641,45.49276061084002,-73.55641052126883,Smith / Peel,7114,19,612797.2925912392,5038705.729960595
642,45.58917500418707,-73.53965610265732,Métro Radisson (Sherbrooke / des Groseilliers),7115,15,613911.5195279163,5049440.769787846
643,45.5967964774917,-73.53517949581145,Métro Honoré-Beaugrand (Sherbrooke / Honoré-Beaugrand),7116,23,614245.2397208174,5050293.870623014
644,45.5914549914687,-73.56275528669356,Parc Félix-Leclerc (François-Boivin / St-Zotique),7117,15,612105.1762267102,5049661.519334375
645,45.60191332161639,-73.52441847324371,Ste-Claire / Pierre-Tétreault,7118,19,615074.0545381021,5050877.732623455
646,45.60962627826218,-73.52273898082785,Duchesneau / de Marseille,7119,27,615189.2398946492,5051737.041987628
647,45.55774273362134,-73.54713141918182,Bennett / Pierre-de-Coubertin,7120,19,613391.6741787299,5045938.120124918
648,45.59587457490178,-73.52352797985077,Liébert / Hochelaga,7121,23,615155.8545266341,5050208.116622599
649,45.50817464963893,-73.58002064942411,University / des Pins,7122,39,610922.204614976,5040385.292481818
650,45.59089190991344,-73.64061713218689,des Récollets / Martial,7123,27,606033.0304720155,5049493.058778577
651,45.51678269880724,-73.61142262816429,Dollard / Bernard,7124,23,608452.6978486269,5041298.723577717
652,45.56833021674857,-73.56666326522826,Rosemont / Viau,7125,23,611846.2679948788,5047086.947096072
653,45.57178977666956,-73.56431499123573,41e avenue / Rosemont,7126,19,612022.629151269,5047474.573402103
654,45.527650097960205,-73.61229971051216,Jeanne-Mance / Beaubien,7127,15,608363.3262841543,5042504.874478282
655,45.51953948301331,-73.68516325950623,Ste-Croix / Tassé,7128,23,602688.3011734001,5041508.0358838765
657,45.50843904979172,-73.6729645729065,Métro du Collège (Cartier / Décarie),7130,17,603661.3926314923,5040290.486625544
658,45.51962176248447,-73.6662483215332,Stinson / Montpellier,7131,27,604165.3951136123,5041541.542639765
659,45.48046706437983,-73.61122308304402,Notre-Dame-de-Grâce / Westmount,7132,15,608538.0453490936,5037264.451597884
660,45.50897852206792,-73.69856357574463,Thimens / Alexis-Nihon,7133,27,601660.7604900467,5040317.694600218
661,45.489979216588914,-73.58932256698608,Sherbrooke / Vignal,7134,23,610231.0894868366,5038351.036280307
662,45.52252484113786,-73.69143962860107,O'Brien / Poirier,7135,23,602192.7147034233,5041831.692134628
664,45.57934937043077,-73.58168095350266,de Lisieux / Jean-Talon,7137,22,610652.764337666,5048290.323375156
665,45.59576800881258,-73.5953038930893,Parc Ferland (Belleherbe / Albanel),7138,19,609557.9987140577,5050095.699816656
666,45.50918998627081,-73.66032063961029,Glengarry / Graham,7139,15,604647.6789775476,5040390.312458477
667,45.489185716082275,-73.57190027832984,St-Jacques / des Seigneurs,7140,23,611594.0393044131,5038286.936835042
668,45.478888528072076,-73.58198940753937,Turgeon / Notre-Dame,7141,19,610825.8531966456,5037128.991384524
669,45.45682318753668,-73.546804189682,Elgar / de l'Île-des-Sœurs,7142,14,613620.106533163,5034726.75875483
670,45.44693448484644,-73.57219934463501,LaSalle / Godin,7143,27,611654.0719378999,5033592.580510799
671,45.46488019614746,-73.56696957353051,Hickson / Wellington,7144,23,612027.4926899963,5035593.549602889
672,45.453318765468914,-73.5767751932144,Argyle / Bannantyne,7145,15,611283.6834469187,5034295.500739764
673,45.491366875439965,-73.57010722160338,St-Jacques / Guy,7146,23,611729.83773909,5038531.748204393
674,45.53570881624427,-73.61962348222733,Métro de Castelnau (de Castelnau / St-Laurent),7147,23,607776.0304486514,5043390.315161885
675,45.55988367688166,-73.63356828689575,Papineau / Émile-Journault,7148,35,606641.5304011488,5046057.45140633
676,45.56190998575263,-73.59574645757675,15e avenue / Jean-Talon,7149,11,609589.3391446798,5046333.536336552
681,45.48184019359366,-73.59537899494171,Melville / de Maisonneuve,6437,15,609773.6484913299,5037438.527808326
682,45.55188644388879,-73.74444007873535,du Souvenir / Chomedey,7150,15,598002.6023577102,5045027.592987069
683,45.570726609302966,-73.7370860205192,Parc Chopin (Dumouchel / Tessier),7151,19,598543.6744064079,5047129.701544306
684,45.562152236510016,-73.69181513786316,Parc St-Claude (7e avenue / 8e rue),7152,27,602091.6297628877,5046233.715384858
685,45.56843961893042,-73.6752020941276,Parc Henri-Dunant (Léger / Henri-Dunant),7153,19,603376.5839930783,5046953.5037236335
686,45.559495502858624,-73.6989176273346,Robin / 15e rue,8080,15,601542.1347824842,5045929.545081289
687,45.55233742797057,-73.70748996734619,Legrand / Cartier,8081,15,600885.9239605275,5045123.486539035
692,45.529668174024685,-73.60166944563389,de Gaspé / Marmier,8056,21,609189.5186745519,5042743.481300112
693,45.617499783128075,-73.60601127147675,Cégep Marie-Victorin,8052,11,608680.9078478354,5052495.493703585
694,45.531943590076395,-73.71360540390015,Hôpital Sacré-Coeur (Forbes),8012,13,600444.9042659551,5042850.113346601
695,45.51694782364431,-73.62631559371948,Pratt / Bates,8015,15,607289.195564675,5041297.059965506
696,45.490494421832885,-73.63852232694626,Parc Van Horne (de la Peltrie / de Westbury),8017,15,606385.6353413268,5038341.936778929
697,45.46976641104386,-73.58925875287241,St-Rémi / Ste Émilie,8040,23,610275.5063013337,5036105.5582769895
698,45.54099971663243,-73.55826258659361,de Léry / Sherbrooke,8044,15,612556.3457611763,5044062.34296123
699,45.526765,-73.730423,Parc de Beauséjour (Gouin / Henri-d'Arles),8010,19,599140.846819234,5042253.880423897
700,45.57833184623925,-73.65595400333405,Parc nature de l'Île-de-la-Visitation (Gouin / de Bruchési),8011,19,604860.1308221625,5048077.493842777
701,45.5460355901214,-73.6465984582901,Parc Henri-Julien (Legendre / Henri-Julien),8013,19,605650.5583902483,5044501.726167757
702,45.46887995929811,-73.60943913459778,Parc Georges St-Pierre (Oxford / Upper Lachine),8018,19,608699.7452931354,5035979.580948313
703,45.471881993586074,-73.64002168178558,Parc de la Confédération (Fielding / West Hill),8019,23,606303.4785751172,5036272.181260295
704,45.604620837709874,-73.51599633693695,REV (Souligny / Desmarteau),8045,15,615725.2887083897,5051190.656258851
705,45.605901731906485,-73.53436946868896,des Ormeaux / de Grosbois,8042,15,614289.9232542573,5051306.603960229
706,45.48274245886277,-73.63497912883759,Parc MacDonald (Clanranald / Isabella),8020,15,606677.1330860808,5037485.420697349
707,45.43914465255811,-73.59173655509949,Parc Reine-Élizabeth (Penniston / Crawford),8065,15,610141.4253528661,5032700.2145924065
708,45.47256100297732,-73.56998920440674,Parc Labelle (LaSalle / Henri-Duhamel),8064,19,611776.2478269956,5036442.651238896
709,45.5692509593831,-73.63642623429769,Parc Champdoré (Champdoré / de Lille),8072,15,606400.7980277217,5047094.34103991
710,45.44791581215845,-73.58381867408752,Beurling / Godin,8066,19,610743.5218714388,5033685.528638999
711,45.45976107571447,-73.64477455615997,Parc Loyola (Somerled / Doherty),8021,19,605954.6771446536,5034919.319441092
712,45.54813638885782,-73.62434014678001,Parc Villeray (Christophe-Colomb / Jarry),8076,15,607384.1018388844,5044764.663169833
713,45.566869345371856,-73.64101678133011,Champdoré / de Lorimier,8077,15,606047.077331962,5046823.670397252
716,45.52234149817879,-73.72167885303497,Parc Marlborough (Beauzèle / Robichaud),8059,15,599831.4974317938,5041773.277757705
717,45.5129938566323,-73.68249848484993,Place Rodolphe-Rousseau (Gohier / Édouard-Laurin),8068,25,602908.3507911522,5040784.2485535145
718,45.54154850456526,-73.56501236557959,Molson / William-Tremblay,8053,15,612028.3027646041,5044113.867804089
719,45.43605512104547,-73.60577523708344,Cégep André-Laurendeau (Lapierre),8029,30,609049.4036652253,5032337.845474112
720,45.425059666150744,-73.64959917962551,Terminus Newman (Airlie / Lafleur),8062,19,605642.2334706082,5031057.7986651175
721,45.43745998781385,-73.69353175163269,Parc Ivan-Franko (33e avenue / Victoria),8025,15,602183.0016033818,5032378.644163515
722,45.43993803436114,-73.68146234754022,St-Antoine / 19e avenue,8027,15,603122.4706768387,5032669.353658034
723,45.63158117102497,-73.50796043872833,Parc des Vétérans (des Vétérans / Broadway),8060,23,616296.1813961433,5054197.543999671
724,45.571796348222385,-73.54152023792267,Monsabré / Boileau,8043,19,613801.221934477,5047507.389764437
725,45.458663192410306,-73.59602272510529,Monk / Biencourt,8037,15,609768.3284139817,5034862.776016316
726,45.45290792768395,-73.58918591405198,Egan / Laurendeau,8041,15,610314.0779967483,5034232.750797047
727,45.630873806604825,-73.49503889679909,Parc de l'Hôtel-de-Ville (Laurendeau / Ste-Julie),8061,19,617304.8148820999,5054137.790982682
728,45.59836857189897,-73.63610029220581,Parc Sauvé (Balzac / de Bayonne),8047,15,606371.2178573052,5050329.685829282
729,45.5218942750191,-73.55725058932876,Plessis / Logan,8063,19,612673.5022029983,5041941.203483982
730,45.44053238705948,-73.70242863893507,41e avenue / Victoria,8028,15,601481.6409960359,5032708.70550424
731,45.58830296569168,-73.57783721439773,de Côme / Jean-Talon,8058,15,610935.0000611066,5049290.360723581
732,45.43854405099729,-73.62021625041962,Lapierre / Serge,8030,15,607915.1564321748,5032594.869549176
733,45.49537171535007,-73.56858909130096,St-Antoine / de la Montagne,8070,19,611840.5330938683,5038978.784341122
734,45.52473935607895,-73.58141005039215,Métro Mont-Royal (Berri / Mont-Royal),8016,0,610781.157179798,5042223.660949782
735,45.51577505385328,-73.60060930252075,McCulloch / de la Côte Ste-Catherine,8051,15,609299.2043072291,5041201.440169891
736,45.49048314001669,-73.62913727760315,Lacombe / Victoria,8023,11,607119.0007160888,5038353.155632643
737,45.61451982045293,-73.6118745803833,Langelier / Marie-Victorin,8048,15,608229.5162052168,5052156.4903232185
738,45.56481129244175,-73.59580412507057,Parc Joseph-Robin (18e avenue / Everett),8073,19,609579.1971009594,5046655.786133229
739,45.62835934791188,-73.5000479221344,Centre récréatif Édouard-Rivet (Lesage / Notre-Dame),8046,19,616919.6151176753,5053851.117117527
740,45.516926210319546,-73.56425732374191,Gare d'autocars de Montréal (Berri / Ontario),8071,15,612136.1736454621,5041379.457278691
741,45.53385065978592,-73.57891157269478,Marquette / Gilford,8035,15,610958.3490128709,5043239.350978236
742,45.525155180448635,-73.58563594055795,Gilford / St-Denis,8032,39,610450.3343258875,5042264.035048069
743,45.60248649638568,-73.5432904958725,Parc Chenier (de l'Aréna / Chenier),8050,19,613601.1584822409,5050914.497284731
744,45.42971096449354,-73.633883446455,Gloria / Dollard,8031,15,606862.8981161895,5031595.300874702
745,45.44338026469991,-73.71789157390594,Dixie / 54e avenue,8026,19,600267.259060582,5033005.690713954
746,45.47519326260791,-73.58094334602356,St-Ambroise / Louis-Cyr,8038,31,610914.8595229185,5036719.905177403
747,45.477605,-73.573775,St-Charles / Thomas-Keefer,8039,19,611470.3866325753,5036997.76017177
748,45.53723648862597,-73.5753321647644,Gilford / des Érables,8034,15,611231.1509967842,5043620.461308224
749,45.53163403743962,-73.56824576854706,Dorion / Rachel,8033,19,611795.5228170187,5043007.889852857
750,45.55456382820465,-73.59615683555603,6e avenue / Bélanger,8055,19,609571.5928095629,5045516.835178722
751,45.53932399260009,-73.59587844472117,Parc Père-Marquette (de Lanaudière / de Bellechasse),8054,19,609622.9455592427,5043824.108939129
752,45.53946063965585,-73.57605636119843,Messier / St-Joseph,8036,17,611170.2256110411,5043866.55500266
753,45.5303174,-73.5548669,Fullum / Ontario,8067,15,612842.8133136544,5042880.335578386
754,45.44527192876118,-73.62448364496231,Travaux publics LaSalle (Cordner / Léger),8024,15,607568.6091442818,5033336.587605382
755,45.55776151418004,-73.60154539346695,8e avenue / Everett,8078,15,609144.8193505913,5045864.746156513
756,45.50398168549117,-73.62283945083618,CHU Ste-Justine (de la Côte Ste-Catherine / Hudson),8074,37,607585.3973152433,5039861.214703141
757,45.52800016604284,-73.6192358493281,Durocher / Beaumont,8075,19,607821.0269932008,5042534.426554969
758,45.583287878804136,-73.63276362419128,Sabrevois / des Récollets,8049,15,606660.0113308063,5048658.6790606
759,45.61269083010209,-73.51004987955093,Parc de Montréal-Est (Notre-Dame Est / David),8014,15,616172.3381786929,5052095.821076881
760,45.506175841460966,-73.71118605136871,Ateliers municipaux de St-Laurent (Cavendish / Poirier),8069,19,600679.7647658898,5039990.4240037715
761,45.55081979211847,-73.62088680267334,Rousselot / Jarry,8079,15,607648.545750736,5045067.409377803
762,45.51473429416659,-73.69144901633263,Centre des loisirs (Tassé / Grenet),8022,15,602206.0872727727,5040966.17398526
768,45.6062348,-73.6287838,Parc St-Laurent (Salk / Thomas-Chapais),8129,19,606926.8859646849,5051213.344180235
769,45.50403766981151,-73.70444297790526,Bibliothèque du Boisé (Thimens / Todd),8146,23,601210.3518169759,5039761.355766104
770,45.52591381815231,-73.68911147117615,Parc St-Laurent (Dutrisac),8147,19,602368.3851542406,5042211.163636073
771,45.5200557245067,-73.67795147001743,Parc Beaulac (rue Élizabeth),8149,15,603250.5934315517,5041574.637743342
772,45.5616903,-73.610512,CHSLD St-Michel (8e avenue / Jarry),8162,15,608437.4483923424,5046289.066866914
773,45.5864002,-73.5952181,Parc Wilfrid-Bastien (Lacordaire / des Galets),8152,19,609582.9222108455,5049055.070053656
774,45.579346,-73.570601,Hôpital Santa Cabrini (St-Zotique / Jeanne-Jugan),8141,15,611517.1905680791,5048305.294781772
775,45.5904902,-73.5902694,Parc Delorme (Malouin / Laferté),8150,19,609960.9664432869,5049516.235621767
776,45.59398503487043,-73.63767206668854,Mairie d'arrondissement Montréal-Nord (Hébert / de Charleroi),8128,21,606256.909124074,5049840.59804867
777,45.57940569041942,-73.60258877277374,Parc Luigi-Pirandello (de Bretagne / Jean-Rivard),8151,15,609021.4995389525,5048267.948262142
778,45.43805550384184,-73.67273926734924,Parc LaSalle (10e avenue / Victoria),8106,19,603808.1512425358,5032471.4385042805
779,45.43656827071224,-73.70836973190308,Parc Stoney-Point (St-Joseph / 47e avenue),8105,19,601024.070524659,5032260.8281804565
780,45.43054314462451,-73.66902440786362,Parc riverain de Lachine (des Iroquois),8104,21,604112.5133158425,5031641.652995325
781,45.6027276,-73.5579303,Bibliothèque Jean-Corbeil (Goncourt / Place Montrichard),8094,11,612458.9996415768,5050920.643832274
782,45.610926628992026,-73.54673445224762,Aréna Chaumont (Chaumont / des Ormeaux),8095,19,613315.5850349725,5051847.308952555
783,45.502989,-73.689113,Parc Chamberland (Dorais / de l'Église),8145,19,602409.8449813176,5039664.285556602
784,45.5169025120042,-73.52724552154541,Bassin olympique (Chemin du Chenal le Moyne),8096,19,615026.9536482594,5041429.182783897
785,45.51758306374252,-73.72661411762238,Parc Noel-Nord (Toupin / Keller),8144,19,599454.4594135251,5041238.504995432
786,45.51317758246596,-73.71306091547012,Parc du Bois-Franc (de l'Équateur / des Andes),8148,19,600520.838146183,5040765.946462234
787,45.43982382100397,-73.69487822055817,Parc Grovehill (St-Antoine / Ivan-Franko),8108,15,602073.4274079123,5032639.54505771
788,45.43836713933041,-73.71546685695648,Parc Summerlea (53e avenue / St-Joseph),8109,15,600465.7817490451,5032451.781709006
789,45.44606092178209,-73.65079946815968,Parc Kirkland (des Érables / Boyer),8107,15,605509.1842831762,5033389.365740207
790,45.55814299291968,-73.71942043304443,Métro Montmorency,8083,23,599944.4095652044,5045753.54130151
791,45.56007440937141,-73.68125259876251,Métro Cartier,8084,19,602919.7290753403,5046016.368218295
792,45.528630548578505,-73.67731243371964,Parc Painter (Marcotte / Quenneville),8165,15,603284.8062717922,5042528.097565311
793,45.59833498124187,-73.54596734046936,Parc du Mail (Bois de Coulonges / du Mail),8172,15,613400.7709040059,5050449.48129358
794,45.53519006163501,-73.61548215150833,Marché Jean-Talon (Casgrain / Shamrock),8133,26,608100.3672665608,5043338.252019512
795,45.43289463113104,-73.59685689210892,2e avenue / Centrale,8131,15,609753.0781482196,5031998.864236994
796,45.5604898518365,-73.7091851234436,Métro de la Concorde (Léo-Lacombe),8091,19,600739.0398817898,5046027.0721960915
797,45.5534000891078,-73.66225451231003,Bibliothèque d'Ahuntsic (Lajeunesse / Fleury),8098,15,604414.7648514754,5045299.412198596
798,45.55970526805903,-73.55155438184738,La Tour de Montréal (Pierre-de-Coubertin / Bennett),8166,25,613042.5414692595,5046149.9117095675
799,45.59566584124368,-73.5596626996994,Parc d'Antioche (Place d'Antioche / St-Zotique),8097,19,612337.9939579159,5050133.665516203
800,45.520019102391636,-73.61890733242035,CCI Outremont (Dollard / Durcharme),8132,15,607861.9335895026,5041648.195469206
801,45.53330725719417,-73.62082242965698,Fabrik8 (Waverly / Jean-Talon),8153,18,607687.0045625519,5043121.899474434
802,45.56842034638607,-73.74687284231186,Terminus Le Carrefour (Terry-Fox / Le Carrefour),8090,23,597784.0249726775,5046861.504789503
803,45.41774583815495,-73.64518761634827,LaSalle / 90e avenue,8126,15,606001.0382350096,5030251.072568609
806,45.515969694922276,-73.60827505588531,Parc Beaubien Outremont (Stuart / St-Viateur),8138,15,608700.098913514,5041212.657734331
807,45.497722829899764,-73.61925333738327,HEC (Decelles / Jean-Brillant),8117,25,607877.5020138171,5039170.687499113
808,45.554824549823,-73.55370283126831,Parc Olympique (Pie-IX / Sherbrooke),8142,25,612884.6427163332,5045604.650933829
809,45.56157,-73.75448,de Chenonceau / Chomedey,9002,23,597202.2401183753,5046091.201665902
810,45.553017541248565,-73.75822663307189,Mayfield / St-Martin O,9003,19,596924.5526928309,5045136.510607231
815,45.57237805962001,-73.59370462596415,Parc Hébert (Colbert / Provencher),8210,15,609728.2980315231,5047499.307276201
816,45.5839877335556,-73.60809333622456,Parc Courbertin (Valéry / Perrier),8085,19,608583.2182731777,5048769.5369431805
817,45.586476480180046,-73.570396900177,Parc Garibaldi (Liénart / Bélanger),8155,15,611518.9926650557,5049097.761086961
818,45.54502601340392,-73.73787671327591,Alton-Goldbloom / Notre-Dame,9004,19,598526.8906527534,5044273.452479437
819,45.59953472156509,-73.62360253930092,Parc Charleroi (Alfred / Louis-Francoeur),8154,15,607343.6961515441,5050475.899310564
820,45.60835820969716,-73.63850623369217,Parc Aimé-Léonard (Gouin / Ste-Gertrude),8127,17,606164.7309058723,5051436.3305495195
821,45.5877138098252,-73.63171823322773,Parc Maurice-Bélanger (Hébert / Denommée),8195,15,606733.174147603,5049151.7826660555
822,45.51586835126322,-73.56008380651474,St-Hubert / de Maisonneuve (sud),8110,19,612464.2454373431,5041267.769819848
823,45.51401222645779,-73.56598667800426,CÉGEP du Vieux-Montréal (Ontario / de l'Hôtel-de-Ville),8167,15,612006.8877823694,5041053.309129366
824,45.55298554800475,-73.6386477202177,Complexe sportif Claude Robillard (Émile-Journault),8185,24,606258.1159872019,5045284.346869911
825,45.583197821913785,-73.62978704273701,Gare St-Michel / Montréal-Nord (Pie-IX / 56e),8193,15,606892.3886895574,5048652.63680173
826,45.58661042838809,-73.52969169616699,IUSMM (Georges-Villeneuve),8124,27,614693.9959735998,5049170.053067507
827,45.59253950875074,-73.64874824881554,Parc Eusèbe-Ménard (Gouin / St-Vital),8125,18,605395.7142094522,5049665.384909491
828,45.55969734528566,-73.60145956277847,CHSLD Joseph-François-Perrault (St-Michel / Everett),8159,18,609147.769347514,5046079.929188387
829,45.50682415585665,-73.68184804916382,Mairie d'arrondissement St-Laurent (Beaudet / Marcel-Laurin),8194,27,602970.4066052111,5040099.648286928
830,45.566883091095185,-73.53943817317486,Hochelaga / de l'Assomption,8198,23,613973.6177377239,5046964.493747763
831,45.52374047147138,-73.67169924080372,Gare Montpellier (Muir / de la Côte-Vertu),8205,15,603732.1116876551,5041992.061473191
832,45.512843286755896,-73.67612421512604,Bibliothèque du Vieux-St-Laurent (de l'Église / Filiatrault),8158,18,603406.5111481313,5040775.7095573945
833,45.52814371649508,-73.69254536926746,Gare du Ruisseau (Dutrisac / Henri-Bourassa),8206,19,602096.1952610778,5042454.526028965
834,45.51076983368672,-73.56493726372719,Métro St-Laurent 2 ( de Maisonneuve / St-Laurent),8188,23,612095.2922503556,5040694.554206031
835,45.55463653358596,-73.61255215771962,Parc Nicolas-Tillemont (des Érables / Villeray),8207,18,608291.7836733426,5045502.6546429265
836,45.51601387670667,-73.56291957199574,BAnQ (Berri),8209,15,612242.4701817031,5041279.969115399
837,45.58116,-73.6412434,Parc Ottawa (de Belleville / Fleury),8130,15,606002.4996298053,5048411.033405502
838,45.557568,-73.579191,CHSLD Robert Cliche (de Bellechasse / 16e avenue),8121,15,610889.8811342847,5045873.899211076
839,45.51221209004337,-73.5546288639307,Square Viger (Berri / Viger),8208,30,612897.612657818,5040869.226127106
840,45.55774990838239,-73.58380123972893,Collège de Rosemont (15e avenue / Beaubien),8204,25,610529.7103608318,5045887.74750072
841,45.6391233,-73.5961118,Parc Armand-Bombardier (Perras / Armand-Bombardier),8196,15,609410.6217689,5054911.313444285
842,45.58033485941123,-73.68471868336201,du Mans / des Alouettes,9005,23,602612.3188059235,5048262.821901668
843,45.56251175219665,-73.74370649456978,Pierre-Péladeau / du Centropolis,9007,23,598041.3798672485,5046208.936787434
844,45.557421482389636,-73.7480603903532,Jeanne-Mance / St-Martin O,9009,23,597710.4259939109,5045638.107953908
845,45.57889719514108,-73.70492711663245,de Grenoble / de Cassis,9010,19,601038.3319904201,5048077.444992916
846,45.565006717407506,-73.7319054454565,Le Corbusier / St-Martin O,9008,19,598957.952088977,5046500.610389625
847,45.57120355585774,-73.72351884841918,McNamara / St-Martin O,9006,19,599601.4583200129,5047199.444951498
848,45.54365380040509,-73.55942063033581,Préfontaine / Marcel-Pépin,8199,19,612460.6449395486,5044355.581079515
849,45.52355020292929,-73.7138856947422,Keller / Cousineau,8203,15,600437.9574356636,5041917.281182141
850,45.54710313981358,-73.54892447590828,de Chambly / de Rouen,8118,11,613273.1082533778,5044753.55556211
851,45.49624140543275,-73.62983867526054,Hôpital Général Juif (de la Côte-Ste-Catherine / Légaré),8191,26,607053.2814631752,5038991.943467354
852,45.63131269772338,-73.61631497740746,Parc Ernest-Rouleau (Gouin),8140,19,607851.098261432,5054016.173584326
854,45.51431824920811,-73.70799824595451,Square Nelligan (des Appalaches / Alexis-Nihon),8200,15,600914.2353865354,5040899.021075848
855,45.59275253568305,-73.51035632193089,Parc Honoré-Mercier (Notre-Dame / Liébert),8192,27,616189.6032890658,5049880.265129012
857,45.50094101588506,-73.62563699483871,CHU Ste-Justine 2 (Decelles / de la Côte-Ste-Catherine),8135,3,607372.6314416636,5039519.662698195
860,45.51871924623225,-73.69875401258469,Grenet / Poirier,8202,15,601628.3479043789,5041399.617712211
862,45.447821314280105,-73.71091783046722,Gare Lachine (Sir George Simpson / 48e avenue),8187,15,600804.7278644596,5033507.793091782
